Genre,Director_Popularity,Budget_MillionUSD,Runtime_Minutes,Release_Year,Num_Main_Actors,Avg_Actor_Popularity,Has_Famous_Producer,Num_Awards_Won,Marketing_Spend_MillionUSD,Is_Sequel,Rating_Category
Sci-Fi,5.8,134.63,141.0,,1.0,2.72,No,9.0,25.48,No,Excellent
Action,2.27,220.47,98.0,2006.0,1.0,3.46,Yes,17.0,9.13,Yes,Excellent
Horror,1.23,52.79,160.0,2010.0,2.0,,,43.0,6.16,No,Excellent
Action,8.17,86.41,153.0,2022.0,4.0,5.21,,7.0,2.99,No,Good
Romance,6.4,259.57,134.0,1986.0,1.0,8.72,Yes,25.0,0.89,No,Excellent
Horror,7.4,265.65,,2024.0,3.0,4.08,Yes,,43.91,No,Good
Horror,3.73,14.44,,1983.0,1.0,3.4,No,23.0,40.45,No,Average
Sci-Fi,5.59,51.26,129.0,1993.0,4.0,,No,2.0,28.39,Yes,Poor
Drama,7.72,36.12,144.0,2021.0,,9.2,No,37.0,49.94,No,Average
Comedy,5.16,54.73,82.0,2021.0,3.0,1.26,Yes,1.0,47.65,Yes,Excellent
,6.41,291.09,158.0,1989.0,3.0,,No,34.0,,No,Poor
Comedy,8.11,165.94,131.0,2023.0,1.0,1.99,Yes,16.0,23.23,Yes,Excellent
Romance,2.94,140.97,89.0,2013.0,4.0,1.25,No,8.0,7.61,,Excellent
Drama,1.59,295.36,100.0,2005.0,1.0,3.46,Yes,35.0,25.78,Yes,Poor
Action,5.79,167.53,116.0,2002.0,3.0,3.42,Yes,21.0,7.89,No,Average
Comedy,1.56,198.67,94.0,1988.0,1.0,,No,30.0,19.92,No,Excellent
Action,,,166.0,2016.0,4.0,7.4,Yes,33.0,47.13,Yes,Poor
Drama,7.47,115.25,157.0,1987.0,2.0,,No,23.0,17.1,No,Average
Romance,8.94,178.73,158.0,1993.0,3.0,7.4,No,8.0,7.64,No,Good
Drama,6.76,21.87,153.0,1986.0,4.0,4.76,Yes,45.0,29.12,Yes,Average
,,77.51,88.0,1986.0,1.0,7.29,Yes,42.0,30.12,,Average
Comedy,3.28,59.85,123.0,1988.0,3.0,10.0,Yes,1.0,,Yes,Poor
Romance,8.27,5.75,118.0,1982.0,1.0,7.39,No,20.0,9.83,No,Average
,2.5,161.53,84.0,1993.0,1.0,,No,33.0,49.48,Yes,Good
,,168.75,104.0,1996.0,2.0,9.45,No,26.0,12.16,No,Good
,8.02,115.8,135.0,2023.0,1.0,2.02,No,36.0,41.91,No,Excellent
Drama,3.97,81.35,169.0,2001.0,1.0,,No,6.0,23.52,Yes,Good
Horror,3.9,195.97,143.0,2005.0,4.0,8.66,No,21.0,21.75,Yes,Excellent
,6.02,41.26,151.0,2007.0,1.0,9.59,Yes,3.0,,No,Good
Drama,8.75,156.07,165.0,2024.0,,2.9,No,13.0,38.69,Yes,Average
Drama,3.02,,131.0,,1.0,5.54,No,33.0,44.03,Yes,Excellent
Action,,50.13,168.0,,,7.12,No,,13.06,Yes,Good
,6.39,226.22,155.0,2005.0,1.0,3.23,No,,4.75,Yes,Average
Sci-Fi,9.93,228.48,88.0,1981.0,3.0,,Yes,,6.85,Yes,Average
Horror,1.81,18.92,89.0,1990.0,2.0,3.32,Yes,24.0,39.64,No,Excellent
Horror,2.14,6.62,89.0,1996.0,3.0,,Yes,,21.79,Yes,Poor
Drama,8.44,292.21,152.0,2013.0,2.0,4.97,No,47.0,,Yes,Average
Drama,8.78,58.82,141.0,,2.0,5.76,,14.0,17.01,Yes,Average
Sci-Fi,,246.82,169.0,2018.0,4.0,5.04,No,31.0,25.71,,Poor
Romance,7.43,168.99,178.0,1997.0,3.0,5.44,Yes,13.0,42.6,No,Excellent
Romance,8.81,80.08,170.0,1992.0,2.0,3.69,No,40.0,32.09,Yes,Good
Romance,,39.86,139.0,1984.0,2.0,2.43,,,8.8,No,Good
Horror,6.17,149.51,174.0,2002.0,4.0,1.43,,46.0,7.94,No,Average
Action,8.68,122.8,98.0,2003.0,3.0,,,,20.62,Yes,Poor
Romance,4.58,209.97,117.0,2008.0,,6.24,No,35.0,3.76,Yes,Average
Comedy,3.72,271.35,85.0,1987.0,4.0,8.08,Yes,20.0,37.78,No,Excellent
Sci-Fi,,241.77,94.0,2005.0,2.0,2.52,No,49.0,20.07,No,Average
Romance,4.02,83.06,172.0,1994.0,3.0,1.98,,39.0,,No,Good
Comedy,1.03,263.8,126.0,1980.0,2.0,7.74,Yes,11.0,,Yes,Poor
Romance,9.64,250.18,124.0,2007.0,4.0,3.75,No,14.0,35.45,No,Excellent
Action,6.33,278.81,,1993.0,4.0,9.56,Yes,14.0,28.47,Yes,Average
Action,8.38,138.14,157.0,2021.0,3.0,7.43,Yes,16.0,40.12,No,Good
Romance,8.43,230.8,,2013.0,4.0,3.94,No,33.0,31.47,No,Average
Comedy,1.6,177.91,145.0,2010.0,4.0,3.61,Yes,43.0,39.4,Yes,Good
,2.54,93.84,141.0,1985.0,,5.71,No,34.0,,Yes,Poor
Comedy,3.8,298.33,102.0,,2.0,1.71,No,,9.66,No,Excellent
Sci-Fi,,12.45,,2010.0,,2.06,Yes,37.0,2.62,Yes,Average
Romance,6.93,49.52,131.0,2016.0,,2.58,Yes,13.0,45.17,Yes,Excellent
Sci-Fi,,267.87,125.0,1994.0,3.0,7.97,Yes,4.0,,No,Poor
Drama,5.45,19.11,98.0,1994.0,4.0,5.62,No,,36.35,Yes,Good
,2.9,266.16,167.0,2022.0,2.0,1.1,No,3.0,36.21,Yes,Poor
Horror,4.44,214.85,163.0,1984.0,2.0,7.06,No,14.0,13.51,No,Poor
Action,5.89,11.97,126.0,,2.0,4.81,No,38.0,27.12,No,Excellent
Drama,5.21,129.37,170.0,2012.0,4.0,5.6,No,,49.61,Yes,Poor
Horror,2.15,,131.0,1990.0,2.0,2.93,No,,,,Average
Romance,6.85,175.35,103.0,2022.0,2.0,5.97,No,9.0,15.22,Yes,Good
Sci-Fi,,280.83,96.0,1985.0,4.0,9.81,Yes,1.0,15.05,No,Poor
Sci-Fi,,260.43,168.0,2002.0,3.0,1.66,No,43.0,,No,Average
Comedy,7.39,100.46,125.0,2019.0,2.0,3.56,,23.0,20.23,Yes,Good
Comedy,1.18,26.3,,,4.0,,Yes,,18.56,Yes,Excellent
Sci-Fi,6.13,283.33,174.0,1994.0,1.0,3.24,No,,31.35,Yes,Good
Romance,4.01,155.67,107.0,2002.0,4.0,4.41,No,43.0,0.57,No,Excellent
Sci-Fi,1.08,23.24,129.0,2001.0,1.0,8.36,Yes,31.0,38.17,No,Good
Comedy,2.71,245.16,143.0,1988.0,4.0,9.22,No,30.0,37.0,Yes,Poor
,9.47,260.68,107.0,2019.0,2.0,2.82,Yes,,41.52,Yes,Excellent
Action,5.69,192.19,165.0,2009.0,3.0,,No,20.0,42.07,Yes,Excellent
Comedy,9.98,134.81,135.0,1995.0,3.0,6.73,No,2.0,28.32,Yes,Excellent
Romance,5.72,198.99,138.0,2009.0,2.0,5.7,Yes,5.0,39.0,No,Poor
Horror,5.9,212.3,84.0,,1.0,4.91,Yes,,24.62,Yes,Poor
,4.53,268.02,133.0,1988.0,4.0,2.73,No,1.0,47.58,Yes,Good
Horror,3.79,286.8,123.0,1980.0,2.0,5.39,No,23.0,9.53,No,Good
Drama,3.26,154.78,121.0,2017.0,4.0,,Yes,,,Yes,Poor
Drama,4.09,239.75,151.0,1987.0,2.0,8.16,No,26.0,12.93,Yes,Poor
Horror,5.14,289.39,171.0,1997.0,2.0,7.87,Yes,8.0,5.14,Yes,Excellent
Romance,2.73,46.22,136.0,2006.0,4.0,2.21,Yes,12.0,21.96,Yes,Good
Sci-Fi,3.02,6.46,126.0,1997.0,3.0,1.8,Yes,13.0,30.75,Yes,Good
Romance,3.44,260.82,155.0,2011.0,3.0,,No,10.0,11.55,Yes,Excellent
Drama,5.04,59.39,104.0,2011.0,1.0,5.82,No,,27.79,No,Excellent
Comedy,6.88,,123.0,2024.0,4.0,8.72,No,15.0,40.39,Yes,Excellent
Drama,8.71,48.87,94.0,2015.0,1.0,1.52,Yes,9.0,12.85,No,Average
,3.58,115.85,,2015.0,2.0,5.74,No,,29.02,No,Average
Action,,,132.0,2000.0,1.0,5.85,Yes,15.0,16.97,No,Poor
Drama,4.41,92.27,113.0,2011.0,2.0,8.75,,33.0,26.49,No,Good
Romance,9.05,292.61,156.0,2010.0,4.0,1.88,No,15.0,33.35,Yes,Excellent
Romance,1.09,211.62,87.0,2016.0,4.0,3.16,No,13.0,17.52,Yes,Excellent
Horror,7.1,213.95,,1995.0,4.0,,Yes,27.0,49.72,Yes,Good
Horror,,,179.0,1993.0,4.0,,No,17.0,28.19,Yes,Average
Horror,2.45,219.9,149.0,2003.0,1.0,9.45,Yes,25.0,,No,Good
Action,3.89,222.06,175.0,,,9.93,No,37.0,36.26,No,Poor
Sci-Fi,3.02,198.26,100.0,2014.0,3.0,9.63,Yes,6.0,42.64,No,Average
Comedy,8.9,69.3,86.0,1996.0,4.0,,No,44.0,8.69,Yes,Good
,,127.49,169.0,2021.0,4.0,1.43,,33.0,11.13,No,Good
Romance,6.07,254.04,158.0,2024.0,2.0,2.33,No,46.0,,Yes,Poor
,6.34,201.39,135.0,1983.0,3.0,4.14,Yes,48.0,42.62,No,Good
Action,6.76,220.1,,1990.0,4.0,8.47,Yes,44.0,9.88,Yes,Average
Horror,5.46,176.62,121.0,1994.0,3.0,9.03,Yes,6.0,48.55,No,Excellent
Sci-Fi,1.16,135.43,102.0,2009.0,4.0,2.68,Yes,32.0,6.38,No,Excellent
Comedy,4.01,227.96,,2003.0,1.0,6.58,Yes,34.0,8.75,Yes,Excellent
Horror,,21.31,158.0,1981.0,1.0,9.26,,49.0,8.36,No,Average
Comedy,7.12,202.28,132.0,2022.0,3.0,5.17,No,38.0,29.3,No,Good
Drama,1.51,299.16,95.0,2013.0,2.0,1.93,Yes,20.0,45.88,Yes,Good
Comedy,6.07,234.28,175.0,2002.0,2.0,5.12,Yes,48.0,12.76,No,Good
Horror,2.9,87.88,,2010.0,1.0,4.38,No,27.0,27.65,No,Good
Drama,9.54,84.07,97.0,2016.0,2.0,6.2,No,,8.79,No,Excellent
Horror,4.02,,99.0,1992.0,2.0,4.95,Yes,43.0,31.56,No,Average
Romance,3.93,268.86,125.0,2012.0,2.0,1.16,No,15.0,6.16,Yes,Poor
Horror,9.31,173.81,81.0,1986.0,3.0,9.95,No,9.0,24.57,,Average
Drama,4.76,158.69,166.0,2011.0,3.0,5.89,Yes,22.0,32.76,No,Good
Comedy,9.67,,173.0,1986.0,2.0,5.26,Yes,47.0,28.96,Yes,Good
Romance,1.22,214.92,,2021.0,1.0,9.59,,49.0,7.0,No,Average
Action,3.76,210.99,82.0,2017.0,2.0,2.4,No,14.0,8.07,Yes,Average
Action,7.0,290.12,,2023.0,4.0,2.7,No,42.0,33.57,No,Excellent
Action,9.02,90.76,128.0,1992.0,1.0,8.27,,,,No,Good
Action,3.31,227.18,80.0,2003.0,3.0,,No,5.0,45.4,Yes,Average
Sci-Fi,9.37,130.79,101.0,2007.0,4.0,8.19,No,,40.68,No,Good
Action,6.35,167.98,172.0,2011.0,2.0,3.44,Yes,38.0,48.7,No,Average
Drama,8.21,245.12,93.0,2022.0,2.0,1.3,No,11.0,20.41,No,Good
Action,4.57,67.38,171.0,1997.0,1.0,5.65,Yes,,16.56,No,Average
Horror,2.91,103.52,164.0,2013.0,1.0,2.77,Yes,30.0,1.41,Yes,Good
Action,9.2,232.22,124.0,2013.0,2.0,,No,9.0,22.49,Yes,Poor
Comedy,9.4,171.57,175.0,2017.0,2.0,6.77,Yes,33.0,32.57,Yes,Excellent
Drama,5.48,28.63,85.0,1980.0,1.0,9.31,No,40.0,40.77,Yes,Poor
Drama,1.06,129.63,144.0,,4.0,8.05,Yes,9.0,13.37,No,Excellent
Romance,1.99,176.4,100.0,2021.0,3.0,2.63,No,10.0,25.68,No,Excellent
Sci-Fi,6.16,272.95,83.0,2010.0,1.0,8.2,Yes,13.0,33.1,No,Average
Horror,1.21,,,1980.0,4.0,6.78,No,2.0,27.58,No,Poor
Drama,4.57,241.98,109.0,1995.0,2.0,,,32.0,13.7,Yes,Excellent
Comedy,3.73,40.06,110.0,2018.0,3.0,8.49,No,6.0,39.81,Yes,Good
Action,7.43,73.43,113.0,1994.0,4.0,6.16,Yes,3.0,8.67,Yes,Average
Drama,1.5,73.76,162.0,2012.0,3.0,,Yes,38.0,45.25,No,Average
Comedy,5.4,263.37,99.0,2002.0,3.0,,Yes,47.0,47.63,No,Good
Action,,,166.0,2020.0,,3.68,,9.0,18.28,No,Good
Sci-Fi,6.56,236.3,133.0,2013.0,,2.64,No,14.0,18.81,No,Excellent
Drama,4.65,139.08,104.0,1996.0,4.0,6.55,No,15.0,37.16,Yes,Good
Drama,3.74,299.73,94.0,2004.0,,3.1,No,37.0,,,Average
Comedy,7.14,251.89,117.0,,3.0,1.72,No,3.0,1.43,Yes,Good
,8.63,,102.0,1985.0,1.0,1.0,Yes,3.0,45.99,No,Poor
Horror,7.24,261.35,131.0,2010.0,1.0,6.47,No,35.0,21.54,Yes,Average
Sci-Fi,9.39,190.58,145.0,1984.0,1.0,4.26,No,26.0,10.17,No,Good
Horror,,253.25,136.0,,4.0,7.77,Yes,21.0,27.78,Yes,Average
Drama,7.88,79.08,136.0,2019.0,2.0,4.38,No,21.0,10.95,Yes,Excellent
Horror,,30.21,,,4.0,5.37,No,16.0,10.3,No,Poor
Action,4.78,185.16,131.0,1984.0,3.0,4.66,,,27.29,No,Excellent
Sci-Fi,5.37,130.97,114.0,1991.0,1.0,6.86,No,33.0,19.55,No,Poor
Horror,3.31,128.51,153.0,1986.0,4.0,4.21,No,31.0,28.65,Yes,Good
,5.76,158.5,93.0,2024.0,,9.67,No,5.0,49.84,Yes,Average
Comedy,3.62,109.05,170.0,1992.0,4.0,9.43,Yes,32.0,42.95,Yes,Good
Horror,7.19,188.19,,1983.0,1.0,,No,7.0,0.38,Yes,Excellent
Sci-Fi,5.23,10.14,178.0,2021.0,3.0,9.28,,49.0,,No,Average
Action,5.13,,112.0,1982.0,1.0,5.04,No,35.0,30.5,Yes,Good
Horror,9.85,277.49,131.0,1991.0,3.0,5.83,Yes,4.0,31.31,No,Good
Comedy,4.53,,80.0,1980.0,,7.68,Yes,4.0,43.91,Yes,Average
Horror,,110.14,113.0,2006.0,4.0,7.27,Yes,46.0,31.45,No,Average
Action,3.87,160.04,98.0,2022.0,4.0,9.02,Yes,9.0,11.39,,Excellent
Horror,9.05,286.29,103.0,,4.0,7.45,No,,23.43,Yes,Poor
Sci-Fi,,270.8,83.0,1996.0,3.0,9.98,Yes,6.0,40.45,Yes,Poor
Drama,6.4,,115.0,1987.0,2.0,4.14,No,11.0,,No,Average
Action,2.63,122.79,156.0,2011.0,2.0,8.5,No,29.0,11.85,Yes,Poor
Action,5.87,169.74,137.0,1999.0,,7.28,No,24.0,26.98,No,Excellent
Action,3.47,238.08,111.0,1996.0,3.0,7.22,Yes,27.0,7.95,Yes,Poor
Action,7.58,82.63,88.0,2013.0,4.0,3.93,No,42.0,24.85,Yes,Average
,8.49,188.31,159.0,2014.0,4.0,8.07,Yes,12.0,4.51,Yes,Excellent
Sci-Fi,7.43,248.55,146.0,2014.0,4.0,9.1,No,46.0,47.09,Yes,Average
Comedy,7.57,,,2017.0,2.0,2.97,Yes,48.0,31.9,Yes,Excellent
Sci-Fi,5.61,144.36,,2021.0,2.0,,Yes,21.0,42.71,No,Excellent
,7.41,175.8,141.0,2003.0,3.0,4.53,No,17.0,49.91,,Average
Romance,,,137.0,1997.0,2.0,9.91,,26.0,9.13,,Good
Horror,,180.99,101.0,2018.0,4.0,5.31,,7.0,34.71,No,Average
Romance,3.33,235.9,146.0,2012.0,4.0,3.05,Yes,5.0,44.35,No,Excellent
,1.63,218.25,154.0,2002.0,,4.44,,10.0,28.8,,Average
Action,4.72,210.75,168.0,2004.0,4.0,6.88,Yes,28.0,,No,Average
Horror,5.16,215.19,127.0,2016.0,4.0,1.68,No,40.0,20.38,No,Excellent
Action,3.31,136.87,87.0,2006.0,1.0,6.43,Yes,4.0,33.74,No,Poor
Sci-Fi,7.55,142.77,152.0,1980.0,3.0,,,6.0,19.78,No,Excellent
,1.66,140.89,94.0,2000.0,3.0,8.65,Yes,21.0,,No,Average
Horror,3.0,10.94,111.0,1989.0,,1.61,Yes,46.0,5.15,No,Excellent
Action,7.74,73.08,132.0,2010.0,4.0,9.94,Yes,3.0,0.39,Yes,Excellent
Romance,4.93,47.21,146.0,2023.0,1.0,,,31.0,2.76,No,Poor
,7.35,266.05,83.0,2004.0,4.0,2.46,No,18.0,9.63,No,Good
Romance,6.11,83.22,109.0,1999.0,4.0,,No,44.0,22.83,Yes,Average
Horror,9.56,,92.0,,2.0,2.54,Yes,32.0,1.05,No,Average
Comedy,6.38,36.81,100.0,1994.0,1.0,8.54,Yes,0.0,7.8,Yes,Poor
Romance,1.13,210.3,,2007.0,1.0,1.19,Yes,45.0,39.07,Yes,Excellent
Action,4.18,2.82,98.0,1992.0,3.0,3.1,Yes,40.0,38.11,No,Good
Horror,2.29,141.92,127.0,1993.0,,7.82,No,43.0,39.49,No,Average
,9.32,36.54,165.0,1981.0,1.0,6.27,Yes,49.0,46.08,Yes,Good
Comedy,1.94,255.05,142.0,2013.0,3.0,8.04,Yes,40.0,5.95,Yes,Good
Drama,4.49,287.58,99.0,2014.0,1.0,7.72,No,7.0,8.16,Yes,Excellent
Comedy,3.03,287.67,143.0,2016.0,4.0,1.46,No,31.0,16.68,Yes,Excellent
Sci-Fi,8.62,133.15,116.0,2004.0,3.0,9.03,No,29.0,,No,Excellent
Horror,3.78,193.71,110.0,1994.0,1.0,,Yes,,38.77,Yes,Average
Comedy,9.93,180.31,153.0,,2.0,5.98,No,27.0,16.21,Yes,Good
Drama,1.35,105.66,,1988.0,1.0,6.8,Yes,,4.38,Yes,Good
Action,2.15,133.78,99.0,,4.0,2.52,No,31.0,30.82,No,Average
Horror,,20.23,161.0,1993.0,2.0,,Yes,24.0,12.84,Yes,Poor
Romance,8.3,238.91,90.0,2008.0,1.0,5.39,Yes,33.0,26.56,Yes,Excellent
Comedy,8.91,73.0,165.0,2022.0,1.0,1.52,Yes,32.0,47.09,,Average
Drama,1.64,138.7,123.0,2017.0,3.0,9.44,Yes,12.0,28.63,No,Excellent
Comedy,1.29,144.71,161.0,2021.0,4.0,,Yes,24.0,46.19,Yes,Good
Sci-Fi,7.7,168.65,143.0,1987.0,1.0,7.29,Yes,,19.65,Yes,Average
Horror,2.2,,113.0,1982.0,1.0,5.73,No,39.0,31.67,Yes,Poor
,2.2,207.87,166.0,1981.0,1.0,8.51,,38.0,,No,Excellent
Drama,1.2,199.26,144.0,1995.0,4.0,1.3,Yes,43.0,29.4,No,Good
,1.45,158.5,134.0,1998.0,2.0,3.42,,48.0,30.74,Yes,Good
Horror,,29.69,,2009.0,4.0,5.23,Yes,43.0,35.82,Yes,Poor
Comedy,1.59,121.2,80.0,2020.0,3.0,1.69,No,47.0,44.11,Yes,Poor
,4.32,287.24,117.0,1995.0,,7.35,Yes,9.0,4.41,No,Excellent
Sci-Fi,8.49,298.67,88.0,2010.0,4.0,,,30.0,16.84,,Good
Comedy,3.94,219.42,174.0,2007.0,1.0,3.45,No,43.0,19.88,Yes,Poor
Sci-Fi,7.55,69.03,150.0,1983.0,1.0,1.03,Yes,10.0,45.49,No,Average
Romance,,31.47,96.0,,2.0,7.48,No,24.0,,Yes,Poor
Romance,6.93,125.01,178.0,2024.0,4.0,8.5,,45.0,6.02,No,Average
Drama,,257.11,131.0,1997.0,4.0,4.56,Yes,44.0,5.96,No,Good
,7.75,216.84,97.0,2011.0,1.0,6.08,No,33.0,46.74,Yes,Excellent
Horror,2.23,265.28,142.0,2009.0,3.0,3.05,,19.0,14.79,No,Good
Drama,9.08,185.12,112.0,,3.0,6.6,No,6.0,12.09,No,Good
Comedy,3.18,39.97,83.0,1988.0,,1.11,Yes,32.0,,Yes,Good
Comedy,4.18,35.32,166.0,2015.0,2.0,5.4,No,,13.78,No,Good
Horror,,15.35,154.0,2008.0,3.0,6.8,No,28.0,34.68,No,Excellent
Action,6.21,,131.0,1995.0,4.0,9.26,Yes,,,Yes,Poor
Action,4.29,73.62,88.0,2007.0,2.0,4.43,Yes,4.0,25.84,Yes,Excellent
Comedy,9.55,220.58,143.0,2000.0,,7.89,Yes,11.0,45.86,Yes,Excellent
Horror,,206.19,,1981.0,4.0,6.38,No,28.0,5.73,Yes,Excellent
Action,,96.12,87.0,2014.0,1.0,9.34,Yes,34.0,3.56,Yes,Excellent
Sci-Fi,9.97,53.86,84.0,2007.0,,4.59,No,19.0,42.6,No,Poor
Comedy,3.41,31.62,155.0,2015.0,3.0,,No,36.0,38.74,No,Good
Romance,8.66,221.46,,2010.0,2.0,8.98,No,0.0,,No,Poor
Sci-Fi,,135.68,,2012.0,3.0,1.44,No,,16.21,No,Poor
Horror,7.58,97.74,94.0,2002.0,4.0,2.23,Yes,29.0,15.51,No,Good
Romance,5.72,257.14,168.0,2020.0,2.0,1.74,Yes,8.0,32.39,Yes,Poor
Sci-Fi,9.83,178.49,161.0,1996.0,2.0,8.59,No,41.0,3.06,Yes,Excellent
Action,5.98,155.88,117.0,1980.0,2.0,1.1,No,9.0,24.47,Yes,Excellent
Action,1.23,223.27,121.0,2021.0,4.0,8.75,Yes,12.0,6.69,Yes,Good
Romance,6.43,244.86,125.0,2002.0,1.0,5.06,Yes,47.0,40.99,No,Good
,2.31,206.14,132.0,2006.0,1.0,1.04,No,19.0,19.03,,Good
Comedy,8.19,132.56,105.0,2004.0,,4.61,No,,26.38,Yes,Excellent
Romance,8.71,114.41,140.0,2011.0,2.0,2.68,No,,1.47,No,Good
Horror,5.34,231.73,146.0,1998.0,1.0,6.62,No,45.0,2.91,No,Poor
Comedy,8.05,155.85,,2003.0,4.0,7.11,,48.0,33.75,Yes,Poor
,2.31,211.61,101.0,1982.0,2.0,5.39,Yes,,38.34,,Average
Horror,5.43,267.23,105.0,1991.0,3.0,1.36,No,36.0,35.5,No,Average
Horror,4.55,274.85,162.0,,1.0,6.91,Yes,12.0,36.85,Yes,Good
Action,6.5,,,1994.0,4.0,8.58,No,2.0,5.23,No,Average
Sci-Fi,1.4,57.18,118.0,1996.0,4.0,7.48,Yes,36.0,34.67,Yes,Excellent
,7.77,79.12,115.0,2011.0,3.0,8.47,,47.0,9.09,No,Excellent
Action,1.71,225.66,100.0,1986.0,1.0,2.8,Yes,18.0,4.9,No,Poor
Drama,6.91,111.65,120.0,1998.0,2.0,9.0,Yes,27.0,37.86,No,Poor
Action,1.17,52.84,127.0,1986.0,4.0,3.9,No,18.0,44.47,No,Average
Comedy,,30.42,105.0,1984.0,3.0,,No,16.0,35.84,Yes,Average
Horror,2.57,98.87,142.0,2019.0,4.0,8.59,Yes,17.0,40.28,No,Excellent
Action,5.64,41.7,156.0,2000.0,4.0,9.48,,,49.55,,Poor
Romance,3.35,47.76,115.0,1986.0,1.0,6.9,Yes,22.0,6.74,Yes,Average
Comedy,7.5,205.48,103.0,2016.0,1.0,3.08,No,39.0,48.26,No,Excellent
Sci-Fi,3.89,,169.0,2002.0,,3.27,Yes,49.0,30.06,No,Poor
,,36.15,,1990.0,,5.2,No,8.0,40.66,,Excellent
Romance,,253.47,,1989.0,3.0,9.08,No,28.0,32.51,No,Excellent
,7.77,253.63,,2000.0,4.0,2.35,No,41.0,28.5,No,Poor
Sci-Fi,,99.44,158.0,2020.0,3.0,8.43,No,28.0,35.18,Yes,Excellent
Romance,3.55,27.3,85.0,2012.0,4.0,3.62,No,1.0,16.01,No,Average
Comedy,5.49,211.79,122.0,,3.0,,No,16.0,46.21,Yes,Excellent
Sci-Fi,1.41,108.68,110.0,2012.0,4.0,9.28,Yes,44.0,5.76,No,Average
Romance,2.67,14.59,107.0,2019.0,4.0,4.85,Yes,30.0,15.9,No,Good
Sci-Fi,9.41,48.19,,2014.0,2.0,4.29,No,,1.56,No,Good
Sci-Fi,9.79,42.03,108.0,,1.0,8.22,Yes,42.0,13.57,No,Good
Action,7.66,177.15,100.0,2015.0,1.0,5.77,,47.0,10.91,No,Excellent
Action,3.27,269.54,160.0,2006.0,3.0,7.16,No,38.0,2.48,No,Good
Action,3.34,238.13,167.0,1998.0,4.0,6.61,Yes,29.0,24.59,Yes,Good
Romance,,164.41,,2022.0,4.0,2.38,,34.0,23.43,Yes,Excellent
Horror,2.06,127.22,139.0,1984.0,1.0,,No,47.0,3.89,No,Poor
Comedy,9.53,185.98,,2008.0,3.0,2.76,No,19.0,,No,Excellent
Romance,3.02,133.7,179.0,1989.0,2.0,9.39,No,15.0,47.67,Yes,Average
Action,10.0,74.58,110.0,2019.0,2.0,3.26,Yes,33.0,,Yes,Excellent
Sci-Fi,5.46,204.08,126.0,1992.0,2.0,7.6,,13.0,15.25,Yes,Poor
Romance,,262.1,113.0,2008.0,4.0,3.56,No,25.0,1.79,,Good
Sci-Fi,1.02,112.49,,1984.0,3.0,3.86,Yes,19.0,7.44,No,Excellent
Sci-Fi,9.0,252.62,146.0,,1.0,3.79,,41.0,34.97,No,Good
Sci-Fi,3.43,129.89,173.0,1992.0,4.0,7.73,No,,18.34,Yes,Average
Drama,7.01,121.0,151.0,2001.0,4.0,6.01,Yes,42.0,22.6,Yes,Poor
Horror,8.26,9.47,,2019.0,2.0,8.95,Yes,17.0,7.85,No,Good
Comedy,2.48,,86.0,1994.0,3.0,3.77,No,42.0,34.11,Yes,Good
Comedy,4.98,242.44,155.0,1992.0,3.0,7.23,Yes,8.0,37.58,No,Good
Action,5.44,199.4,98.0,1980.0,2.0,7.78,,18.0,9.06,,Good
Drama,3.81,46.26,169.0,2017.0,2.0,2.36,No,19.0,2.25,,Excellent
Romance,5.34,31.88,171.0,2022.0,2.0,4.61,Yes,41.0,4.05,No,Poor
Romance,3.86,,,2024.0,4.0,5.35,No,29.0,32.85,Yes,Poor
,4.25,121.05,157.0,1980.0,4.0,4.2,Yes,25.0,6.78,Yes,Good
Horror,7.02,129.3,127.0,1990.0,4.0,3.9,No,30.0,24.7,No,Poor
Sci-Fi,6.69,290.37,93.0,2022.0,1.0,,No,34.0,7.63,No,Good
Action,3.09,217.45,82.0,2019.0,1.0,2.94,No,2.0,8.51,Yes,Average
Horror,9.08,124.12,129.0,2001.0,3.0,,,39.0,0.22,,Average
Comedy,8.77,6.71,172.0,,2.0,9.42,No,28.0,16.04,Yes,Average
,5.58,11.19,133.0,,2.0,6.09,Yes,,4.49,No,Poor
Action,4.9,205.76,85.0,1985.0,4.0,,No,0.0,19.7,Yes,Good
Comedy,4.39,251.48,,2007.0,1.0,1.62,Yes,23.0,29.89,Yes,Excellent
Romance,7.37,212.6,102.0,,2.0,8.78,Yes,37.0,18.38,No,Excellent
Action,7.04,122.36,171.0,1987.0,3.0,3.57,Yes,,35.25,No,Average
Comedy,2.77,10.31,157.0,1984.0,2.0,6.54,No,6.0,37.07,Yes,Average
Romance,7.04,290.25,157.0,2021.0,4.0,9.81,Yes,10.0,34.83,Yes,Poor
Romance,3.27,295.91,99.0,2023.0,4.0,6.36,Yes,10.0,,Yes,Excellent
Sci-Fi,1.17,165.26,,1996.0,1.0,7.52,Yes,35.0,,Yes,Poor
Drama,7.29,22.13,170.0,2017.0,3.0,5.01,No,19.0,9.47,No,Average
Sci-Fi,6.8,162.75,139.0,1988.0,3.0,1.54,No,15.0,30.49,No,Good
Comedy,4.7,267.81,178.0,1989.0,,8.18,No,4.0,29.74,No,Good
Horror,5.73,204.32,124.0,1999.0,3.0,1.31,No,,25.5,Yes,Good
Sci-Fi,9.52,216.28,140.0,1993.0,,7.31,Yes,29.0,0.22,No,Average
Horror,6.36,,,1993.0,2.0,,No,,,,Poor
Romance,6.92,32.85,81.0,2005.0,1.0,,Yes,38.0,46.64,Yes,Good
Comedy,1.58,,,2008.0,3.0,2.42,No,47.0,16.73,No,Excellent
Drama,2.49,271.41,119.0,2006.0,4.0,5.63,Yes,46.0,48.38,No,Excellent
Horror,3.71,158.23,103.0,2004.0,2.0,6.37,No,36.0,17.84,Yes,Average
Comedy,5.85,237.68,108.0,1995.0,2.0,5.12,No,32.0,6.99,Yes,Excellent
,7.99,35.47,146.0,2015.0,,4.07,No,19.0,19.92,,Excellent
Sci-Fi,3.89,278.37,147.0,2013.0,3.0,,No,21.0,24.73,,Average
Comedy,4.21,246.52,145.0,1995.0,3.0,3.8,Yes,40.0,31.47,No,Poor
Sci-Fi,3.31,,163.0,2012.0,3.0,4.94,No,20.0,25.24,,Good
Action,3.29,262.38,133.0,,2.0,4.23,No,36.0,26.84,Yes,Average
Comedy,9.54,79.77,132.0,2002.0,4.0,6.1,No,26.0,1.2,Yes,Excellent
Horror,6.72,62.4,158.0,1990.0,4.0,3.14,Yes,37.0,12.68,Yes,Good
,2.4,80.01,128.0,1997.0,3.0,9.9,No,34.0,15.53,Yes,Good
,7.5,273.08,111.0,2020.0,4.0,5.51,,37.0,,Yes,Good
Sci-Fi,7.5,274.76,,,2.0,2.75,,39.0,14.78,No,Average
Horror,7.0,99.37,121.0,2008.0,3.0,,Yes,5.0,44.83,No,Good
Action,2.21,211.92,80.0,1984.0,3.0,8.8,Yes,31.0,,No,Poor
Romance,4.67,203.05,142.0,2003.0,2.0,1.2,,15.0,4.81,No,Excellent
Drama,,242.16,114.0,2008.0,3.0,7.12,Yes,27.0,12.38,Yes,Average
Horror,8.35,89.66,130.0,2008.0,2.0,5.93,No,,13.64,No,Average
Sci-Fi,6.9,153.53,150.0,2005.0,3.0,2.53,Yes,26.0,48.91,Yes,Good
,5.56,200.63,,2019.0,4.0,8.36,No,2.0,33.71,Yes,Excellent
Action,4.09,8.85,156.0,1982.0,3.0,4.32,Yes,48.0,,Yes,Good
Romance,2.66,113.64,144.0,1981.0,3.0,3.64,,20.0,41.75,Yes,Good
Drama,1.96,209.07,93.0,2004.0,3.0,8.45,Yes,,,Yes,Average
Comedy,9.72,,172.0,1998.0,1.0,6.75,No,37.0,33.77,No,Poor
Action,2.8,287.35,82.0,2019.0,4.0,,Yes,29.0,,Yes,Excellent
Romance,1.54,10.02,103.0,1981.0,,6.67,No,21.0,33.31,Yes,Excellent
Horror,9.66,287.47,144.0,1998.0,1.0,7.67,Yes,18.0,13.24,No,Excellent
Romance,5.94,65.81,,1980.0,4.0,8.53,Yes,30.0,20.41,No,Excellent
Horror,,15.6,89.0,2006.0,,,Yes,19.0,29.63,No,Poor
Action,1.39,,92.0,2024.0,3.0,7.98,No,46.0,1.8,Yes,Average
Romance,6.1,236.1,179.0,2014.0,2.0,6.52,No,18.0,24.14,Yes,Poor
Drama,4.58,225.98,152.0,2020.0,2.0,1.63,No,1.0,42.99,,Good
Romance,7.95,63.44,93.0,1984.0,4.0,5.58,Yes,39.0,24.62,Yes,Average
,1.35,59.84,179.0,2017.0,4.0,1.74,No,38.0,27.62,No,Poor
Comedy,4.62,193.13,89.0,1983.0,2.0,7.62,No,26.0,10.1,No,Excellent
Comedy,8.19,137.97,119.0,1996.0,4.0,,,7.0,39.72,No,Excellent
Romance,5.7,237.89,102.0,2000.0,,9.58,Yes,44.0,17.94,No,Average
,5.95,8.22,178.0,2010.0,3.0,2.65,No,26.0,,No,Poor
Horror,1.87,183.51,134.0,,2.0,6.45,No,14.0,,No,Average
Action,2.19,219.47,142.0,1990.0,,2.9,Yes,,45.8,Yes,Excellent
,,298.02,150.0,2013.0,2.0,6.53,No,46.0,4.24,Yes,Poor
,7.08,203.96,121.0,1994.0,2.0,7.5,Yes,,16.66,No,Excellent
Comedy,9.81,70.32,178.0,1989.0,1.0,7.5,Yes,6.0,47.26,No,Average
Sci-Fi,7.41,33.35,145.0,2017.0,1.0,8.34,No,16.0,,,Average
Sci-Fi,5.44,,158.0,2011.0,,8.68,No,25.0,45.56,No,Average
Action,8.72,157.43,152.0,,,1.7,Yes,36.0,28.63,Yes,Average
Action,,269.84,126.0,2016.0,2.0,4.09,No,19.0,24.02,Yes,Average
Sci-Fi,5.04,218.26,160.0,2023.0,4.0,7.18,Yes,9.0,5.32,Yes,Good
Action,3.58,153.41,131.0,2007.0,1.0,5.49,,18.0,41.97,No,Average
Comedy,1.94,121.67,97.0,2010.0,3.0,2.72,Yes,17.0,37.26,No,Average
,7.87,121.91,158.0,1985.0,2.0,5.97,No,29.0,2.94,No,Excellent
Drama,5.6,68.66,97.0,1993.0,4.0,4.67,No,29.0,10.47,Yes,Average
Horror,6.01,6.18,103.0,,3.0,4.51,Yes,24.0,27.86,Yes,Poor
Comedy,4.7,,102.0,1995.0,2.0,8.29,No,23.0,34.22,Yes,Average
Action,5.14,64.51,91.0,2004.0,2.0,4.67,,9.0,6.88,No,Good
Action,2.04,63.29,102.0,2018.0,3.0,,No,1.0,12.24,Yes,Average
Horror,7.06,38.49,100.0,1981.0,1.0,1.52,No,,9.66,Yes,Excellent
Horror,4.89,57.69,143.0,2017.0,1.0,8.71,No,,11.0,No,Poor
Action,8.35,10.5,169.0,2020.0,3.0,9.65,No,34.0,46.04,Yes,Poor
,,202.6,151.0,2018.0,4.0,7.2,Yes,,35.79,,Average
Comedy,,121.02,173.0,2013.0,1.0,,Yes,6.0,36.86,No,Average
Horror,6.81,168.9,113.0,2019.0,2.0,9.45,No,6.0,39.7,No,Average
Comedy,,,,2022.0,2.0,6.97,Yes,26.0,17.83,Yes,Average
Romance,5.25,,148.0,2004.0,4.0,8.6,Yes,9.0,38.36,Yes,Excellent
Action,7.54,21.41,110.0,2015.0,2.0,7.89,No,32.0,48.92,No,Excellent
,9.99,125.96,,1995.0,1.0,4.41,,42.0,34.92,Yes,Poor
Sci-Fi,,74.52,147.0,1997.0,4.0,5.31,Yes,6.0,20.84,No,Average
Romance,7.7,143.54,,1992.0,1.0,2.68,No,5.0,35.82,,Excellent
,7.66,276.22,166.0,2016.0,4.0,,No,5.0,45.04,No,Excellent
Horror,3.23,217.47,,2006.0,3.0,,No,12.0,6.44,No,Poor
Sci-Fi,8.5,198.92,151.0,2013.0,2.0,9.05,No,,,,Poor
Horror,4.65,132.93,92.0,1990.0,4.0,7.52,Yes,12.0,45.96,No,Good
Sci-Fi,9.66,201.66,144.0,1980.0,3.0,5.19,No,1.0,47.31,No,Excellent
Horror,1.73,10.68,85.0,1992.0,1.0,1.78,Yes,18.0,24.21,No,Poor
Sci-Fi,4.92,176.29,,2009.0,3.0,1.51,Yes,,18.73,No,Excellent
,,166.58,106.0,,1.0,4.37,No,49.0,14.14,No,Excellent
Romance,4.65,104.65,158.0,1997.0,4.0,,Yes,37.0,24.94,Yes,Average
Comedy,2.9,61.25,131.0,1993.0,4.0,6.48,Yes,1.0,46.73,Yes,Average
,6.34,242.46,177.0,1992.0,2.0,1.06,Yes,25.0,7.49,No,Average
Comedy,7.8,17.1,166.0,2011.0,2.0,9.91,No,5.0,20.99,Yes,Average
Comedy,6.8,21.83,127.0,1986.0,4.0,4.28,Yes,19.0,,No,Excellent
Action,3.11,132.72,,1987.0,1.0,8.63,No,,17.46,No,Good
Romance,7.58,76.51,158.0,1986.0,1.0,5.81,,14.0,,No,Good
Comedy,3.31,223.89,178.0,1995.0,4.0,2.17,Yes,5.0,19.46,No,Good
Drama,2.58,190.62,147.0,2022.0,1.0,8.18,Yes,27.0,40.25,No,Excellent
Comedy,7.22,231.99,123.0,,4.0,7.39,No,34.0,49.05,Yes,Good
Horror,8.59,98.08,96.0,2006.0,2.0,5.75,No,,19.39,Yes,Excellent
Comedy,5.33,222.42,174.0,2012.0,1.0,5.63,No,7.0,42.25,,Poor
Horror,5.78,258.83,117.0,2008.0,2.0,1.79,No,49.0,49.42,Yes,Good
Horror,3.72,104.24,89.0,1987.0,,,No,,49.19,Yes,Excellent
,,102.63,,2012.0,2.0,9.2,Yes,23.0,21.69,,Poor
Comedy,2.19,270.09,,2020.0,3.0,1.84,No,20.0,,No,Average
Comedy,9.6,15.89,,1998.0,2.0,3.37,Yes,48.0,15.17,,Poor
Sci-Fi,8.2,105.71,85.0,,2.0,9.12,No,35.0,,No,Poor
Sci-Fi,7.01,36.48,131.0,2020.0,1.0,3.56,Yes,6.0,24.62,No,Good
Action,5.84,9.67,94.0,2000.0,2.0,,,4.0,,Yes,Average
Horror,8.13,34.75,147.0,,4.0,5.81,Yes,,35.56,Yes,Average
Drama,5.45,129.94,136.0,2021.0,1.0,6.37,Yes,15.0,26.82,No,Good
Sci-Fi,3.7,206.4,135.0,,1.0,4.74,No,5.0,44.9,No,Poor
Comedy,,87.5,86.0,1990.0,1.0,3.7,Yes,13.0,40.53,No,Excellent
Action,6.83,255.05,130.0,2012.0,2.0,1.44,No,1.0,16.12,No,Good
Drama,9.36,131.85,137.0,1999.0,1.0,7.7,No,24.0,25.29,,Poor
Romance,2.38,290.5,143.0,2004.0,3.0,7.71,Yes,30.0,37.53,Yes,Excellent
Comedy,,286.29,105.0,,,7.04,Yes,49.0,9.66,Yes,Good
Comedy,4.9,232.21,137.0,,2.0,6.79,No,49.0,1.58,No,Good
Romance,8.26,279.79,110.0,,1.0,3.19,No,12.0,42.62,No,Average
,3.65,212.42,145.0,2011.0,4.0,,No,17.0,6.88,,Average
Horror,,268.78,171.0,2012.0,,8.28,Yes,16.0,44.47,No,Average
Sci-Fi,6.58,71.71,92.0,1989.0,3.0,5.42,Yes,44.0,45.68,No,Excellent
Sci-Fi,,104.28,97.0,1983.0,2.0,3.76,No,27.0,23.04,No,Good
,1.54,226.13,173.0,1994.0,,1.92,Yes,11.0,40.34,No,Average
Comedy,1.73,127.94,154.0,1985.0,2.0,1.56,Yes,34.0,18.16,No,Average
Sci-Fi,6.79,251.36,92.0,2006.0,2.0,4.14,Yes,21.0,42.91,Yes,Good
,5.19,263.41,,1984.0,2.0,8.24,No,38.0,41.23,No,Excellent
Sci-Fi,9.74,,136.0,1984.0,1.0,9.27,No,0.0,3.93,No,Average
Comedy,7.11,247.21,108.0,1997.0,1.0,,Yes,36.0,29.13,Yes,Poor
Drama,1.09,47.13,135.0,2007.0,1.0,9.28,Yes,20.0,32.0,No,Excellent
Comedy,5.33,100.92,133.0,2014.0,4.0,9.17,No,0.0,0.04,No,Average
Drama,4.73,155.87,84.0,2001.0,1.0,5.75,Yes,3.0,49.0,No,Poor
,1.96,68.71,114.0,2013.0,2.0,2.97,No,,20.33,No,Average
Comedy,9.31,174.2,98.0,,,8.18,No,0.0,,Yes,Excellent
Action,8.25,174.03,,1997.0,4.0,,No,12.0,9.74,No,Good
Sci-Fi,,62.86,156.0,2020.0,4.0,3.4,No,45.0,30.55,No,Good
Horror,3.3,238.9,148.0,2005.0,3.0,3.1,No,46.0,40.53,No,Excellent
,1.29,189.86,,2021.0,4.0,5.63,No,16.0,29.29,Yes,Average
Drama,3.67,,157.0,2001.0,3.0,3.9,No,11.0,39.4,No,Excellent
Comedy,6.26,70.42,117.0,2012.0,1.0,2.39,Yes,6.0,36.56,No,Poor
Sci-Fi,4.79,263.75,141.0,2022.0,,5.08,No,2.0,11.88,,Average
Romance,9.72,250.89,101.0,,3.0,8.87,Yes,49.0,21.79,Yes,Excellent
Drama,1.5,69.7,152.0,2010.0,3.0,6.13,Yes,25.0,7.43,Yes,Good
Horror,6.32,11.65,119.0,1989.0,3.0,8.91,Yes,30.0,2.1,Yes,Excellent
,8.72,241.56,105.0,2003.0,4.0,2.76,No,35.0,3.15,No,Average
Horror,5.33,185.04,,2000.0,4.0,2.5,Yes,25.0,47.12,,Excellent
Romance,1.03,31.16,172.0,1987.0,4.0,,No,2.0,49.23,Yes,Good
Action,3.19,176.62,133.0,2011.0,3.0,5.17,No,43.0,4.75,Yes,Poor
Drama,3.91,136.2,,2010.0,1.0,6.94,Yes,27.0,16.76,No,Excellent
,9.69,232.59,128.0,2013.0,2.0,8.15,Yes,43.0,5.72,Yes,Excellent
Drama,9.21,63.52,82.0,2002.0,4.0,7.76,Yes,16.0,41.71,,Poor
,9.54,136.49,171.0,2004.0,,9.48,Yes,37.0,24.81,No,Excellent
Romance,8.43,,117.0,1986.0,4.0,4.58,No,46.0,31.06,Yes,Good
Action,4.16,287.3,93.0,1998.0,4.0,2.86,Yes,29.0,27.0,No,Poor
Drama,9.15,233.84,126.0,1986.0,3.0,5.96,Yes,1.0,35.51,Yes,Good
Romance,,221.28,,1987.0,,2.0,Yes,7.0,15.96,Yes,Good
Action,4.15,207.37,154.0,,,3.6,Yes,13.0,6.87,No,Good
,3.35,127.58,152.0,1980.0,2.0,2.87,Yes,36.0,0.88,No,Average
Sci-Fi,5.92,277.06,117.0,1992.0,4.0,4.57,No,,22.28,No,Poor
Romance,2.68,22.8,143.0,1982.0,2.0,2.0,No,41.0,45.39,No,Average
Horror,1.29,241.17,123.0,2007.0,1.0,1.29,No,38.0,15.26,Yes,Average
Action,,65.35,149.0,2017.0,4.0,6.91,Yes,10.0,,No,Excellent
Action,9.33,97.88,144.0,1994.0,2.0,6.49,Yes,,46.3,No,Poor
Romance,,156.31,104.0,2015.0,1.0,7.38,,1.0,,No,Excellent
Action,4.67,235.01,95.0,1982.0,1.0,6.94,No,36.0,2.59,No,Average
Comedy,8.48,251.72,94.0,1983.0,3.0,2.03,No,42.0,43.97,Yes,Excellent
Action,,,177.0,1984.0,1.0,3.62,No,31.0,35.05,Yes,Good
Sci-Fi,4.55,121.51,160.0,2005.0,3.0,2.17,Yes,39.0,21.1,No,Average
Sci-Fi,7.7,284.0,82.0,2004.0,1.0,8.59,Yes,,37.62,No,Good
Horror,9.07,74.71,146.0,1989.0,1.0,7.72,Yes,42.0,,Yes,Poor
Comedy,9.34,241.13,116.0,1987.0,2.0,,No,16.0,2.0,Yes,Excellent
,4.41,184.0,160.0,1991.0,2.0,4.07,No,14.0,33.81,Yes,Average
Romance,2.56,,134.0,1982.0,3.0,9.7,No,32.0,32.04,Yes,Poor
Drama,9.22,1.41,117.0,2006.0,4.0,6.35,Yes,15.0,48.19,No,Good
Drama,1.83,,,2002.0,2.0,8.21,Yes,12.0,48.33,,Excellent
Drama,,83.74,80.0,2019.0,1.0,3.38,No,21.0,18.89,Yes,Excellent
Romance,,32.2,150.0,2012.0,3.0,2.89,Yes,22.0,29.49,,Average
Action,4.5,23.47,169.0,1993.0,3.0,8.06,No,35.0,,No,Excellent
Romance,4.7,104.92,98.0,2002.0,3.0,,No,42.0,3.32,No,Excellent
Action,2.43,184.81,,2010.0,1.0,,No,49.0,21.64,Yes,Good
Drama,9.3,251.42,109.0,1992.0,2.0,5.97,Yes,49.0,34.49,No,Good
Horror,,55.89,134.0,1991.0,4.0,6.07,No,9.0,28.39,Yes,Good
Horror,9.04,127.97,93.0,2014.0,3.0,7.62,,16.0,21.48,No,Poor
Action,8.95,118.19,92.0,1997.0,1.0,3.43,Yes,29.0,40.91,,Poor
Drama,3.85,154.5,163.0,2000.0,2.0,4.17,No,12.0,39.72,Yes,Excellent
Romance,7.34,,169.0,2024.0,2.0,8.84,No,29.0,36.6,No,Poor
Horror,3.28,,,2021.0,,3.78,Yes,45.0,3.85,Yes,Average
Action,,254.15,168.0,1980.0,3.0,5.92,No,29.0,,No,Good
Romance,,156.05,88.0,2017.0,,7.32,No,6.0,45.97,Yes,Poor
Drama,3.7,181.55,120.0,2020.0,2.0,,No,9.0,2.97,Yes,Excellent
Comedy,4.6,131.78,127.0,2021.0,1.0,4.92,Yes,34.0,20.08,Yes,Good
Drama,7.21,247.11,91.0,1988.0,2.0,4.85,No,,49.42,No,Poor
Drama,9.15,277.22,89.0,2002.0,3.0,8.58,No,29.0,29.96,Yes,Good
Romance,2.18,192.1,85.0,1993.0,3.0,8.25,No,18.0,25.68,Yes,Poor
Romance,6.14,,113.0,1990.0,4.0,7.58,Yes,38.0,8.87,No,Excellent
Sci-Fi,3.28,18.64,131.0,1986.0,2.0,5.17,,36.0,28.27,No,Poor
Sci-Fi,8.21,271.93,120.0,2010.0,1.0,3.92,Yes,2.0,21.95,Yes,Poor
,1.63,57.49,162.0,2003.0,2.0,6.48,,24.0,6.37,Yes,Poor
Romance,7.2,77.7,85.0,,1.0,8.89,Yes,33.0,23.22,No,Good
Comedy,2.57,,81.0,2009.0,4.0,8.95,No,21.0,8.22,No,Poor
,6.37,,94.0,2013.0,,1.98,Yes,37.0,36.53,No,Poor
Drama,8.52,255.75,96.0,2017.0,3.0,4.86,Yes,13.0,48.68,Yes,Poor
Horror,7.8,274.04,95.0,,1.0,5.18,Yes,38.0,23.48,No,Good
,7.78,254.32,,1984.0,3.0,9.8,Yes,,,Yes,Excellent
Drama,5.66,,164.0,1998.0,4.0,7.1,No,31.0,21.55,Yes,Excellent
Action,9.02,,151.0,2017.0,4.0,4.67,,42.0,6.92,Yes,Excellent
Sci-Fi,6.29,290.87,89.0,2007.0,1.0,1.23,No,2.0,48.53,,Poor
Horror,9.26,151.27,,2005.0,2.0,6.09,No,40.0,6.48,No,Good
Drama,5.92,53.51,89.0,2021.0,3.0,1.86,,7.0,5.58,No,Excellent
Romance,5.55,197.93,152.0,2002.0,,8.51,Yes,25.0,22.96,Yes,Excellent
Action,3.0,292.66,107.0,2009.0,1.0,7.77,Yes,31.0,32.94,Yes,Excellent
Sci-Fi,5.9,261.77,103.0,1982.0,1.0,5.14,,10.0,17.75,No,Average
Action,2.27,258.68,98.0,2007.0,1.0,4.86,Yes,49.0,9.63,No,Good
Drama,8.83,280.21,176.0,2012.0,4.0,9.08,No,0.0,40.95,Yes,Average
,7.08,268.29,147.0,2021.0,4.0,3.6,Yes,14.0,18.16,Yes,Poor
Sci-Fi,9.94,233.11,135.0,1982.0,,3.24,Yes,3.0,9.72,Yes,Excellent
Action,1.83,215.76,146.0,1984.0,,9.45,No,,18.25,Yes,Poor
Comedy,3.17,80.17,121.0,,1.0,8.28,,27.0,10.73,No,Good
Horror,8.89,,91.0,2021.0,4.0,8.39,,9.0,25.97,Yes,Poor
Drama,4.56,156.93,97.0,1980.0,2.0,2.76,No,10.0,33.41,Yes,Poor
Drama,5.2,,102.0,2017.0,1.0,2.29,Yes,49.0,39.98,,Excellent
Sci-Fi,8.75,148.02,163.0,1988.0,2.0,,Yes,22.0,11.38,No,Good
Action,5.7,39.2,85.0,1984.0,1.0,3.13,Yes,,8.35,No,Poor
Horror,2.74,2.49,132.0,2021.0,,,No,,0.98,No,Average
,9.03,203.68,177.0,2013.0,,3.16,Yes,38.0,11.4,Yes,Excellent
Sci-Fi,1.28,165.42,121.0,2016.0,1.0,,Yes,38.0,1.2,Yes,Average
Romance,9.06,99.96,145.0,2012.0,1.0,3.27,,16.0,17.27,Yes,Excellent
Sci-Fi,1.45,51.52,109.0,2004.0,,4.56,Yes,21.0,7.28,Yes,Poor
Action,6.99,140.55,88.0,2021.0,1.0,9.85,No,26.0,28.99,Yes,Excellent
Horror,1.65,30.99,170.0,2008.0,1.0,3.2,Yes,15.0,19.19,No,Poor
Action,7.36,101.5,121.0,2004.0,4.0,4.39,No,,4.68,No,Average
,1.31,114.38,113.0,1988.0,3.0,3.71,Yes,39.0,19.99,Yes,Poor
Romance,8.58,140.22,119.0,1982.0,4.0,1.99,Yes,2.0,10.47,No,Excellent
Comedy,5.19,140.52,167.0,1994.0,,,Yes,,,,Excellent
Drama,1.84,77.84,96.0,1983.0,2.0,,No,32.0,,Yes,Excellent
Drama,7.36,255.21,108.0,2024.0,3.0,7.25,No,41.0,7.35,Yes,Average
Romance,5.4,107.31,179.0,2017.0,,8.36,Yes,1.0,17.48,Yes,Good
Sci-Fi,,69.65,,1999.0,4.0,5.9,No,38.0,11.22,Yes,Average
Drama,1.14,53.57,155.0,,1.0,1.29,No,45.0,39.79,,Poor
Horror,4.76,97.45,174.0,2016.0,3.0,6.57,Yes,47.0,49.17,No,Poor
Drama,1.77,,128.0,1987.0,1.0,1.5,Yes,26.0,1.27,Yes,Average
Horror,1.85,10.84,152.0,2016.0,,6.55,,14.0,,,Average
Action,,,140.0,,4.0,7.17,Yes,6.0,13.2,No,Poor
Sci-Fi,6.67,,162.0,2012.0,3.0,2.78,Yes,44.0,3.32,Yes,Poor
Horror,5.77,159.35,125.0,2012.0,2.0,,Yes,41.0,0.72,Yes,Poor
Drama,,228.92,125.0,1986.0,3.0,9.2,No,8.0,44.05,Yes,Good
Sci-Fi,9.72,12.71,96.0,2001.0,3.0,8.32,Yes,40.0,17.68,,Good
Sci-Fi,8.98,280.86,,1984.0,1.0,3.75,,5.0,49.73,Yes,Average
Horror,3.33,29.42,84.0,1994.0,1.0,,Yes,,22.12,Yes,Average
Horror,2.1,,133.0,2000.0,2.0,9.23,Yes,29.0,9.38,No,Good
Comedy,9.48,40.89,95.0,2004.0,3.0,3.89,No,19.0,38.86,Yes,Excellent
Comedy,5.15,264.09,,1996.0,1.0,8.38,No,19.0,46.32,Yes,Good
Sci-Fi,,153.7,170.0,1986.0,3.0,,No,45.0,40.78,No,Average
Romance,5.41,25.61,86.0,1998.0,4.0,1.03,Yes,26.0,37.26,No,Good
Romance,,185.4,87.0,1986.0,4.0,7.84,Yes,19.0,16.73,Yes,Excellent
Comedy,2.52,3.72,151.0,2019.0,2.0,7.85,No,6.0,3.22,,Average
Drama,7.91,233.03,166.0,2024.0,4.0,8.1,No,39.0,10.06,Yes,Poor
Action,7.75,195.52,,2003.0,1.0,,,39.0,,Yes,Average
Sci-Fi,5.85,64.57,161.0,1990.0,1.0,2.06,Yes,29.0,47.81,No,Good
Action,8.79,113.05,117.0,2020.0,2.0,3.09,Yes,,36.14,Yes,Good
Comedy,2.19,3.33,133.0,1980.0,3.0,9.13,Yes,1.0,41.41,No,Excellent
Horror,6.36,,155.0,2011.0,,2.6,Yes,13.0,13.86,No,Good
,5.04,97.48,94.0,2019.0,4.0,7.14,No,9.0,34.19,No,Excellent
Comedy,4.8,,171.0,2023.0,1.0,5.77,Yes,,,Yes,Average
Drama,3.27,287.06,,1981.0,2.0,1.75,No,17.0,23.97,No,Good
,4.35,90.54,,1994.0,4.0,3.57,Yes,17.0,21.49,Yes,Average
Sci-Fi,1.97,297.08,174.0,2000.0,4.0,5.68,No,15.0,35.97,No,Poor
,3.26,190.19,88.0,2003.0,4.0,8.67,No,4.0,28.0,No,Poor
Horror,3.45,73.38,87.0,1996.0,,7.37,,30.0,49.66,Yes,Excellent
Sci-Fi,7.49,131.6,98.0,1988.0,2.0,6.6,Yes,36.0,21.26,Yes,Good
Horror,1.44,222.4,130.0,2014.0,,5.46,Yes,19.0,8.8,No,Average
Comedy,6.86,134.5,151.0,1999.0,3.0,3.69,Yes,22.0,23.6,Yes,Average
Drama,2.99,21.48,177.0,1998.0,3.0,2.07,No,31.0,11.76,Yes,Good
Drama,1.74,51.41,136.0,1997.0,2.0,4.68,No,41.0,28.06,No,Average
Sci-Fi,3.71,237.6,147.0,1999.0,4.0,1.26,Yes,16.0,6.29,No,Good
Sci-Fi,3.02,194.86,110.0,2009.0,4.0,2.9,No,12.0,47.5,Yes,Good
Comedy,5.97,,82.0,2019.0,1.0,4.89,No,48.0,42.99,No,Poor
Romance,4.22,51.12,178.0,,3.0,4.77,No,49.0,7.78,No,Good
,9.69,251.49,162.0,2003.0,4.0,,No,12.0,,No,Average
,9.67,288.26,122.0,2003.0,4.0,,Yes,16.0,25.62,Yes,Good
,4.99,13.23,108.0,1998.0,4.0,5.95,No,14.0,38.64,Yes,Poor
Romance,8.16,24.33,89.0,2009.0,4.0,1.7,Yes,25.0,10.95,Yes,Poor
Drama,1.12,265.53,91.0,2005.0,2.0,9.49,No,43.0,3.05,No,Excellent
Horror,5.93,244.85,125.0,2021.0,3.0,1.89,,27.0,27.28,Yes,Average
Comedy,7.69,185.76,109.0,2023.0,,8.69,Yes,41.0,34.58,No,Good
Drama,,,,2017.0,4.0,1.0,No,44.0,12.22,No,Average
,,194.28,,,4.0,8.94,Yes,29.0,36.99,No,Average
Action,2.4,65.58,,1992.0,4.0,1.18,Yes,42.0,47.53,No,Good
Comedy,,218.86,111.0,1983.0,1.0,7.82,Yes,34.0,6.85,,Poor
Comedy,,194.07,152.0,2024.0,4.0,4.26,Yes,21.0,25.55,No,Average
Action,4.43,295.74,126.0,1996.0,,7.64,Yes,9.0,2.84,No,Excellent
Horror,4.96,64.95,167.0,2012.0,4.0,4.62,,10.0,10.33,Yes,Average
Romance,5.23,179.77,142.0,1984.0,1.0,1.64,Yes,37.0,4.49,,Poor
Romance,7.92,234.27,105.0,2007.0,2.0,7.91,No,32.0,20.2,Yes,Excellent
Romance,1.95,102.36,,2003.0,1.0,1.64,Yes,5.0,41.04,Yes,Excellent
Romance,7.92,114.52,102.0,1996.0,4.0,9.3,No,36.0,28.86,Yes,Excellent
Romance,7.2,266.48,154.0,2018.0,2.0,1.46,No,6.0,11.13,No,Excellent
Action,7.67,121.85,153.0,2019.0,4.0,5.31,No,43.0,2.01,Yes,Good
Comedy,7.61,,129.0,2023.0,2.0,7.51,Yes,11.0,27.67,,Good
Horror,5.24,266.88,115.0,1990.0,,4.54,Yes,,6.64,Yes,Good
Drama,2.9,63.74,92.0,1991.0,4.0,2.96,No,1.0,17.14,Yes,Excellent
Romance,5.83,294.58,108.0,1992.0,2.0,7.83,Yes,0.0,25.51,Yes,Poor
Action,,210.88,117.0,1987.0,2.0,8.06,No,22.0,,Yes,Average
Horror,6.3,149.34,156.0,1980.0,,9.3,No,24.0,4.09,No,Excellent
,1.1,129.85,169.0,1988.0,1.0,4.39,No,17.0,33.43,No,Poor
Horror,1.54,286.36,163.0,2007.0,1.0,5.56,Yes,43.0,0.7,Yes,Average
Action,9.94,,84.0,1981.0,1.0,4.27,No,6.0,31.5,Yes,Excellent
Drama,1.65,94.19,99.0,1993.0,1.0,,Yes,2.0,27.58,Yes,Average
Romance,,93.03,157.0,1992.0,2.0,7.76,No,28.0,40.59,No,Good
,,87.41,93.0,,2.0,4.06,,,26.58,Yes,Good
Action,9.72,,87.0,1983.0,1.0,,No,42.0,17.63,Yes,Good
Comedy,3.87,296.76,127.0,1991.0,3.0,4.63,Yes,4.0,12.14,No,Poor
Action,4.69,,92.0,,3.0,7.41,No,33.0,4.26,Yes,Good
Action,,99.06,103.0,,3.0,9.26,Yes,7.0,26.73,Yes,Poor
Action,1.22,127.44,158.0,1983.0,4.0,7.0,Yes,13.0,44.42,Yes,Good
Horror,9.08,201.17,144.0,1985.0,,5.24,Yes,39.0,25.74,Yes,Good
Action,5.67,6.13,165.0,2002.0,4.0,8.01,No,5.0,36.96,No,Good
Comedy,5.2,246.23,113.0,1984.0,2.0,6.77,No,,14.92,No,Poor
,8.75,264.06,130.0,1982.0,2.0,1.55,No,32.0,22.41,No,Average
Comedy,9.58,,82.0,1989.0,3.0,,Yes,39.0,16.23,Yes,Poor
Sci-Fi,4.81,113.14,169.0,2022.0,3.0,1.34,Yes,10.0,5.46,Yes,Excellent
Action,2.55,139.14,157.0,1998.0,2.0,5.11,No,49.0,20.85,No,Excellent
Romance,8.34,4.7,137.0,1993.0,3.0,8.43,,23.0,38.21,Yes,Poor
Romance,4.63,120.42,151.0,2000.0,3.0,3.82,Yes,9.0,,Yes,Poor
Horror,9.42,138.67,134.0,2022.0,2.0,4.46,No,43.0,32.51,No,Average
Romance,9.55,272.19,159.0,2007.0,4.0,9.19,Yes,,37.93,No,Poor
,,268.3,121.0,2000.0,3.0,8.53,Yes,15.0,16.14,Yes,Good
Action,9.61,289.86,100.0,2015.0,4.0,6.99,Yes,36.0,39.88,No,Average
Drama,,265.65,89.0,2003.0,,3.4,No,15.0,,Yes,Poor
Drama,,3.45,136.0,2017.0,,2.05,Yes,43.0,12.81,No,Poor
Comedy,1.31,192.8,104.0,1996.0,4.0,1.14,No,30.0,11.12,No,Excellent
Action,9.0,21.4,135.0,2001.0,4.0,1.96,Yes,5.0,10.0,Yes,Average
Romance,6.77,82.51,117.0,1998.0,3.0,3.63,No,29.0,36.86,,Excellent
Action,6.79,173.91,165.0,2024.0,,5.97,No,36.0,44.38,No,Poor
Sci-Fi,9.12,210.48,140.0,1989.0,1.0,1.58,Yes,0.0,11.53,Yes,Average
Drama,5.58,196.73,126.0,1990.0,2.0,,Yes,41.0,4.26,Yes,Good
Romance,4.69,15.67,133.0,2017.0,1.0,2.63,Yes,24.0,15.69,Yes,Poor
Drama,,31.98,125.0,1981.0,2.0,,,45.0,32.89,No,Poor
Action,7.68,39.45,147.0,2012.0,1.0,6.54,No,,18.43,Yes,Excellent
Romance,9.54,28.33,83.0,2022.0,1.0,5.96,No,34.0,27.46,Yes,Good
Comedy,9.46,54.29,173.0,2010.0,4.0,3.25,No,37.0,,No,Poor
Action,4.44,206.86,145.0,2014.0,1.0,4.34,No,4.0,,No,Excellent
Comedy,5.02,249.42,172.0,2016.0,3.0,1.87,No,48.0,49.98,,Excellent
Romance,3.3,123.24,122.0,2015.0,3.0,,Yes,49.0,14.9,No,Poor
Drama,6.95,208.14,141.0,2002.0,3.0,9.08,Yes,11.0,48.91,Yes,Average
Sci-Fi,4.28,60.8,179.0,2015.0,3.0,9.82,No,4.0,10.15,Yes,Poor
Horror,8.07,292.01,164.0,2019.0,4.0,6.83,Yes,8.0,5.55,No,Good
Drama,,105.65,,,3.0,,Yes,43.0,37.54,No,Poor
Comedy,2.05,253.91,164.0,2005.0,1.0,6.78,Yes,8.0,35.12,Yes,Average
Action,2.84,283.66,83.0,,3.0,,Yes,,40.56,Yes,Excellent
Romance,1.76,259.55,,1996.0,4.0,9.97,Yes,0.0,17.18,No,Good
Drama,6.58,,141.0,1994.0,2.0,,Yes,46.0,46.54,,Good
Sci-Fi,2.33,195.44,169.0,2016.0,1.0,7.14,No,9.0,5.97,Yes,Good
Romance,2.44,36.91,81.0,2024.0,1.0,3.28,Yes,,1.51,No,Good
Comedy,1.13,,88.0,1983.0,4.0,,,38.0,15.03,No,Average
Romance,8.04,16.48,136.0,2001.0,,6.81,No,35.0,39.87,No,Average
Romance,8.31,274.93,124.0,1996.0,3.0,4.93,No,36.0,33.65,No,Average
Action,2.46,272.63,97.0,2001.0,,3.25,No,47.0,21.81,Yes,Average
,,68.52,127.0,1996.0,1.0,4.01,Yes,34.0,12.81,,Excellent
Comedy,4.9,164.57,121.0,1993.0,1.0,4.07,,16.0,2.96,Yes,Poor
Action,3.16,286.55,120.0,1993.0,1.0,9.63,Yes,12.0,16.88,,Average
Horror,6.59,149.52,154.0,1996.0,2.0,,,5.0,23.0,Yes,Poor
,2.61,118.68,,1987.0,3.0,5.13,Yes,36.0,34.35,No,Good
Horror,7.81,145.49,169.0,2013.0,1.0,2.8,Yes,,32.3,Yes,Excellent
Horror,1.43,237.27,137.0,2005.0,4.0,,No,31.0,,No,Excellent
Horror,9.63,,179.0,2024.0,3.0,2.41,Yes,10.0,5.02,No,Poor
Action,1.65,235.2,121.0,2009.0,1.0,2.89,Yes,16.0,16.82,No,Poor
Romance,6.22,130.08,114.0,2001.0,3.0,4.29,,4.0,24.08,Yes,Poor
Horror,9.12,76.35,117.0,1995.0,4.0,8.92,Yes,5.0,33.53,No,Excellent
Romance,1.11,98.62,146.0,2009.0,2.0,2.19,No,9.0,24.77,,Average
Comedy,5.49,24.27,120.0,1995.0,1.0,2.1,No,32.0,45.64,Yes,Excellent
,4.15,149.72,178.0,2017.0,4.0,5.45,No,29.0,30.43,No,Average
,6.22,45.29,,2003.0,1.0,3.49,Yes,20.0,1.98,Yes,Good
,3.03,243.65,165.0,2015.0,,6.12,No,41.0,5.68,Yes,Average
Horror,,126.76,151.0,2014.0,2.0,5.06,No,,37.67,No,Poor
Sci-Fi,6.63,229.74,158.0,1985.0,2.0,4.91,Yes,26.0,35.79,No,Average
,4.75,286.38,124.0,1983.0,3.0,,No,2.0,,,Average
Horror,6.6,254.99,,1997.0,4.0,2.27,No,28.0,2.95,No,Excellent
,2.89,285.49,98.0,1985.0,,8.39,No,1.0,28.94,Yes,Poor
Horror,4.05,170.81,96.0,2005.0,2.0,8.97,Yes,28.0,31.79,No,Good
Comedy,6.06,50.43,144.0,2016.0,1.0,,No,48.0,6.76,No,Average
Drama,,280.68,172.0,2006.0,3.0,2.02,No,35.0,23.68,,Good
Action,4.35,260.68,156.0,,2.0,1.48,No,33.0,15.29,No,Poor
,3.52,,135.0,1990.0,3.0,6.47,Yes,36.0,46.57,No,Average
Horror,3.46,208.29,172.0,2017.0,,7.44,Yes,41.0,,No,Excellent
Sci-Fi,2.57,187.85,120.0,1995.0,4.0,4.36,No,,36.66,No,Good
Comedy,3.93,5.4,121.0,1998.0,,7.12,No,25.0,25.91,No,Excellent
Sci-Fi,,224.67,85.0,,4.0,7.42,No,0.0,0.58,Yes,Good
,6.7,,148.0,,1.0,9.42,Yes,3.0,25.85,No,Poor
Horror,6.12,78.67,177.0,2005.0,1.0,1.58,Yes,38.0,4.97,Yes,Average
Horror,4.44,165.9,154.0,2020.0,2.0,2.73,No,13.0,32.95,Yes,Good
,,136.07,152.0,2010.0,1.0,1.62,No,45.0,28.28,Yes,Excellent
,,5.72,,1998.0,4.0,8.81,Yes,17.0,0.52,Yes,Good
Romance,,247.37,120.0,2003.0,3.0,8.13,Yes,33.0,10.23,No,Good
Drama,9.27,263.76,88.0,1988.0,3.0,6.17,No,0.0,38.81,No,Good
Action,7.17,204.88,87.0,,1.0,1.75,,21.0,,Yes,Good
Action,7.7,162.78,123.0,,4.0,3.46,No,15.0,24.96,No,Good
Action,,288.26,,1989.0,3.0,3.68,No,21.0,15.6,No,Good
Drama,4.16,36.87,146.0,1988.0,1.0,6.05,Yes,49.0,46.08,,Excellent
Horror,1.57,,92.0,1998.0,4.0,3.32,No,15.0,26.83,No,Good
Sci-Fi,6.6,39.38,98.0,1994.0,4.0,1.66,No,27.0,34.81,Yes,Good
Comedy,2.7,115.17,177.0,2013.0,,7.58,No,27.0,4.17,Yes,Good
Horror,6.12,176.06,175.0,2021.0,2.0,3.69,No,21.0,2.02,No,Average
Drama,7.66,221.39,128.0,1998.0,2.0,5.07,No,5.0,12.96,,Poor
Romance,8.05,2.11,159.0,2000.0,,2.15,No,24.0,15.46,No,Poor
Drama,3.72,78.92,179.0,2013.0,4.0,8.22,No,41.0,34.38,Yes,Poor
Action,5.61,161.92,161.0,1996.0,1.0,6.09,Yes,1.0,28.46,Yes,Excellent
Horror,6.59,160.33,157.0,,4.0,,Yes,6.0,,No,Excellent
Action,8.38,191.65,109.0,1996.0,1.0,5.46,No,16.0,32.71,Yes,Excellent
Comedy,7.85,91.85,145.0,1981.0,1.0,9.47,Yes,34.0,,No,Good
Romance,9.89,162.62,156.0,1980.0,1.0,9.03,No,19.0,3.17,No,Poor
Action,1.07,,170.0,2022.0,4.0,6.19,No,43.0,42.73,,Good
Comedy,,56.87,138.0,1989.0,4.0,9.41,Yes,1.0,,No,Average
Drama,3.3,173.39,132.0,2016.0,1.0,3.91,No,6.0,32.45,,Poor
Action,2.08,205.96,131.0,1984.0,3.0,4.29,No,31.0,15.36,No,Average
Action,9.2,37.0,160.0,1991.0,4.0,1.41,Yes,48.0,18.6,Yes,Average
Sci-Fi,9.98,37.71,110.0,2015.0,,6.3,Yes,18.0,4.12,Yes,Good
Romance,2.63,170.03,94.0,2010.0,3.0,7.5,Yes,11.0,42.85,Yes,Poor
Romance,1.35,,99.0,2017.0,2.0,7.96,,8.0,29.62,Yes,Average
Drama,3.48,118.33,84.0,1988.0,4.0,2.35,Yes,26.0,4.18,Yes,Poor
Sci-Fi,8.51,120.82,86.0,2023.0,3.0,5.0,Yes,13.0,40.23,Yes,Average
Comedy,3.65,54.39,97.0,,4.0,2.59,No,1.0,,No,Average
Comedy,1.51,1.39,135.0,1994.0,4.0,6.96,Yes,,38.26,Yes,Good
Drama,,256.09,154.0,1995.0,3.0,2.42,,3.0,0.63,No,Poor
Romance,4.85,214.79,,1992.0,4.0,9.14,No,20.0,1.44,Yes,Good
Comedy,,207.47,170.0,2004.0,3.0,3.08,No,47.0,8.54,No,Good
Drama,3.57,164.41,,,4.0,3.62,Yes,21.0,10.55,No,Good
Comedy,4.84,210.59,124.0,1986.0,1.0,8.66,No,48.0,38.2,,Good
,1.92,280.77,107.0,1983.0,,5.13,No,,35.33,No,Good
Action,5.44,200.04,,2022.0,1.0,1.22,,16.0,30.8,No,Average
,7.27,80.26,81.0,2019.0,4.0,5.45,No,18.0,44.24,Yes,Poor
Horror,3.44,171.6,163.0,2017.0,4.0,1.76,No,39.0,12.36,Yes,Poor
Drama,3.67,133.25,147.0,,4.0,,No,23.0,45.22,Yes,Good
Drama,8.58,167.37,156.0,1989.0,1.0,6.29,No,19.0,45.47,Yes,Poor
Horror,1.09,155.77,103.0,,4.0,3.31,,37.0,,Yes,Average
Action,6.73,257.77,,,3.0,6.07,No,,4.72,Yes,Good
Action,4.54,195.89,124.0,1986.0,2.0,1.69,Yes,24.0,36.33,,Excellent
Sci-Fi,3.69,57.44,172.0,2015.0,4.0,8.2,No,22.0,16.85,Yes,Excellent
Comedy,6.92,19.84,137.0,2014.0,4.0,,No,49.0,39.75,No,Average
Sci-Fi,8.51,127.88,115.0,2003.0,2.0,8.87,Yes,33.0,8.18,Yes,Average
Action,6.03,5.67,81.0,2018.0,2.0,4.08,No,31.0,26.98,No,Excellent
Horror,1.28,96.17,97.0,2015.0,2.0,3.93,,,25.4,Yes,Good
Comedy,5.15,,128.0,,1.0,1.32,Yes,41.0,5.02,Yes,Average
Horror,5.16,113.3,87.0,1999.0,1.0,6.86,No,,18.17,Yes,Excellent
,,293.83,137.0,2011.0,4.0,,,2.0,4.24,Yes,Good
Drama,7.04,91.87,94.0,2018.0,2.0,5.13,,24.0,23.24,No,Average
Horror,1.17,80.3,96.0,2005.0,4.0,9.17,Yes,27.0,,,Poor
Sci-Fi,5.52,39.68,102.0,2005.0,4.0,2.51,No,11.0,,Yes,Poor
Sci-Fi,6.29,,145.0,2015.0,4.0,1.09,Yes,25.0,38.24,No,Poor
Sci-Fi,4.09,46.95,149.0,2022.0,1.0,1.66,No,47.0,9.17,Yes,Good
Drama,7.02,185.27,,2014.0,2.0,3.01,No,43.0,33.69,No,Average
Drama,,47.39,106.0,2022.0,4.0,1.3,Yes,7.0,,Yes,Excellent
Drama,,173.43,116.0,2014.0,1.0,5.53,Yes,4.0,16.2,No,Average
Comedy,9.66,248.05,128.0,,3.0,3.83,Yes,10.0,45.02,No,Poor
Drama,4.13,13.71,,2012.0,3.0,2.62,Yes,41.0,25.27,No,Poor
Drama,4.12,126.5,113.0,2015.0,4.0,7.75,No,34.0,15.84,,Good
Drama,6.36,138.85,97.0,1993.0,4.0,2.84,,26.0,44.83,No,Excellent
Horror,9.74,237.53,143.0,2012.0,2.0,7.19,,40.0,1.6,Yes,Good
Drama,9.85,140.91,153.0,2024.0,2.0,4.14,No,,1.4,No,Excellent
,6.22,170.69,123.0,2024.0,4.0,,No,37.0,29.99,Yes,Average
Sci-Fi,1.01,237.57,96.0,2003.0,1.0,,No,18.0,39.84,,Good
Horror,9.11,168.37,138.0,1994.0,4.0,1.34,No,,37.58,,Good
Action,6.13,108.13,92.0,2010.0,2.0,5.5,No,31.0,3.97,No,Good
Drama,4.29,26.67,131.0,1996.0,2.0,,No,45.0,47.51,No,Poor
Sci-Fi,8.46,219.24,139.0,1991.0,,6.29,No,27.0,35.15,Yes,Poor
Sci-Fi,4.6,261.47,121.0,2001.0,4.0,,No,35.0,47.46,Yes,Excellent
Horror,1.31,291.05,170.0,2002.0,2.0,4.58,No,17.0,16.45,Yes,Average
Action,8.39,278.05,143.0,2005.0,4.0,7.12,Yes,9.0,34.7,No,Good
Romance,5.91,239.43,145.0,1993.0,2.0,9.02,Yes,31.0,43.0,No,Poor
Comedy,4.04,193.4,113.0,1991.0,3.0,1.37,No,17.0,19.02,No,Good
Romance,3.26,234.66,174.0,,3.0,1.64,Yes,11.0,48.24,No,Excellent
Sci-Fi,,130.19,166.0,1992.0,3.0,,No,7.0,13.25,No,Excellent
Romance,2.87,178.84,150.0,1997.0,2.0,3.1,No,,15.78,Yes,Average
Sci-Fi,3.91,105.26,143.0,2022.0,1.0,3.38,No,45.0,46.02,Yes,Excellent
Romance,6.73,,112.0,2007.0,3.0,2.99,No,37.0,48.48,Yes,Good
Sci-Fi,8.93,227.25,91.0,2017.0,,2.76,Yes,13.0,14.26,Yes,Average
Sci-Fi,5.8,136.73,155.0,2020.0,4.0,2.18,Yes,1.0,6.82,No,Average
Horror,7.83,64.44,98.0,2023.0,,9.41,No,8.0,37.95,No,Poor
Action,7.87,61.38,88.0,1998.0,1.0,2.3,Yes,,46.48,,Good
Sci-Fi,6.98,257.89,153.0,2022.0,1.0,2.84,Yes,4.0,,No,Excellent
Comedy,3.21,203.65,96.0,2017.0,1.0,3.22,No,,31.73,Yes,Poor
Comedy,8.8,164.27,129.0,1982.0,4.0,,No,18.0,38.15,No,Good
Drama,4.93,120.88,118.0,1998.0,,7.8,Yes,6.0,7.65,No,Good
Sci-Fi,1.4,129.81,120.0,,,8.11,Yes,38.0,,Yes,Average
Sci-Fi,3.2,18.17,89.0,2004.0,1.0,1.94,No,41.0,18.22,Yes,Average
Sci-Fi,7.89,137.02,91.0,1990.0,1.0,8.53,No,16.0,31.41,Yes,Good
Romance,1.62,238.84,158.0,1996.0,,4.67,Yes,,23.43,No,Poor
Sci-Fi,2.33,117.01,174.0,2014.0,4.0,3.37,No,45.0,,No,Average
Sci-Fi,7.25,115.69,94.0,,2.0,6.18,No,26.0,35.14,No,Average
Comedy,9.03,5.7,107.0,2018.0,3.0,8.4,No,42.0,49.73,Yes,Good
Action,6.7,137.89,,1998.0,4.0,8.01,Yes,,32.95,,Good
Action,3.0,8.58,115.0,1982.0,1.0,9.01,,19.0,39.7,Yes,Average
Drama,1.48,171.53,,2013.0,,9.35,No,5.0,1.38,No,Poor
Comedy,6.54,152.53,177.0,,4.0,3.14,Yes,7.0,40.52,No,Average
Sci-Fi,1.43,252.16,126.0,2001.0,3.0,4.81,No,31.0,15.0,Yes,Good
Action,6.51,174.95,160.0,2017.0,,1.13,Yes,18.0,6.34,Yes,Average
Horror,,97.7,118.0,2006.0,4.0,8.91,Yes,31.0,5.67,Yes,Good
Horror,9.14,155.35,117.0,,1.0,2.39,Yes,,,No,Average
,5.28,210.21,123.0,2020.0,1.0,8.75,No,23.0,49.88,No,Good
Sci-Fi,3.02,29.1,,2010.0,2.0,3.96,No,23.0,33.31,Yes,Good
Sci-Fi,8.68,186.7,176.0,2006.0,,4.31,,,13.12,Yes,Poor
Drama,3.29,275.07,164.0,2016.0,,1.35,Yes,17.0,,Yes,Good
Drama,3.76,90.44,105.0,1981.0,2.0,3.94,No,11.0,26.3,No,Average
Drama,8.51,188.36,115.0,1988.0,2.0,9.0,No,40.0,3.25,No,Good
Romance,3.78,246.58,148.0,1998.0,4.0,,No,22.0,19.97,No,Excellent
Horror,,154.03,176.0,2021.0,4.0,4.66,,47.0,33.31,Yes,Average
Sci-Fi,4.13,215.68,,,3.0,1.28,,17.0,48.38,Yes,Poor
Horror,2.05,93.99,132.0,1989.0,2.0,4.34,,15.0,21.28,Yes,Average
Drama,1.35,92.51,85.0,2019.0,1.0,2.55,No,,10.01,Yes,Poor
Sci-Fi,7.52,200.61,116.0,2024.0,1.0,3.27,Yes,35.0,40.87,Yes,Excellent
Comedy,6.81,,81.0,2018.0,2.0,8.9,No,22.0,37.21,Yes,Poor
Action,3.54,281.17,148.0,1986.0,2.0,4.92,Yes,21.0,42.99,Yes,Good
Action,3.66,68.23,169.0,1983.0,,,Yes,38.0,10.74,Yes,Excellent
Drama,9.51,141.0,120.0,1994.0,2.0,6.3,Yes,32.0,20.24,,Excellent
Horror,9.89,75.9,130.0,1991.0,2.0,2.28,No,23.0,,Yes,Poor
,5.26,24.95,126.0,1985.0,1.0,3.33,Yes,19.0,7.9,Yes,Average
Sci-Fi,8.22,121.57,92.0,1988.0,3.0,5.92,Yes,32.0,33.57,No,Poor
,,112.85,155.0,,2.0,3.14,Yes,30.0,,Yes,Poor
Drama,3.68,81.86,148.0,1987.0,2.0,7.11,No,39.0,25.01,Yes,Excellent
Horror,,89.8,,1986.0,2.0,5.42,,,40.03,No,Good
Drama,2.28,108.76,138.0,1983.0,4.0,7.95,Yes,9.0,24.43,Yes,Average
Romance,8.54,296.66,147.0,1992.0,1.0,9.53,Yes,,40.27,No,Poor
Action,7.58,235.1,138.0,,1.0,2.04,No,20.0,21.32,No,Good
Action,6.98,22.35,170.0,1986.0,3.0,4.01,Yes,24.0,49.97,Yes,Good
Horror,2.18,261.85,89.0,1989.0,4.0,3.88,Yes,,21.79,Yes,Average
Comedy,,,92.0,2004.0,4.0,2.36,No,45.0,7.47,No,Good
Sci-Fi,7.95,267.29,81.0,2023.0,4.0,8.29,No,45.0,20.09,Yes,Poor
Drama,8.75,103.17,169.0,2014.0,3.0,7.84,,9.0,,Yes,Excellent
Sci-Fi,,139.89,94.0,2004.0,3.0,5.36,Yes,47.0,42.4,Yes,Good
Action,7.16,268.97,125.0,2008.0,,,Yes,8.0,23.01,No,Excellent
Comedy,1.17,82.5,136.0,1991.0,4.0,,Yes,19.0,29.72,No,Average
Comedy,7.36,,89.0,2019.0,1.0,6.0,Yes,47.0,42.24,Yes,Average
Sci-Fi,6.72,248.72,101.0,1991.0,4.0,8.12,No,19.0,40.68,,Good
Action,2.34,,168.0,1985.0,3.0,6.16,Yes,,32.89,No,Excellent
Sci-Fi,,97.95,158.0,1989.0,4.0,3.39,,6.0,40.75,No,Poor
Horror,1.62,71.49,156.0,1981.0,,7.01,Yes,10.0,28.8,Yes,Excellent
Comedy,8.44,99.93,,2024.0,4.0,4.25,Yes,20.0,0.23,Yes,Good
,3.36,286.44,100.0,2004.0,4.0,,Yes,37.0,2.06,Yes,Excellent
Horror,7.2,100.59,164.0,1986.0,1.0,5.39,No,46.0,48.99,No,Excellent
Action,9.31,170.0,101.0,2019.0,,,No,18.0,7.25,No,Average
Comedy,4.06,121.7,,2002.0,,7.47,No,45.0,20.23,Yes,Good
Romance,,119.47,124.0,1990.0,2.0,8.95,No,14.0,46.69,No,Excellent
Romance,5.17,58.82,170.0,2015.0,1.0,1.05,Yes,5.0,9.75,Yes,Good
Romance,2.42,161.59,119.0,,2.0,9.4,Yes,9.0,42.19,Yes,Poor
Drama,6.31,254.97,101.0,2022.0,3.0,5.6,Yes,45.0,40.91,Yes,Good
Drama,7.69,15.8,,1986.0,1.0,7.31,Yes,15.0,49.32,Yes,Poor
Action,9.25,266.88,141.0,2006.0,4.0,8.7,Yes,44.0,14.08,Yes,Good
Horror,8.66,199.98,152.0,1992.0,4.0,5.2,No,10.0,15.77,No,Good
Sci-Fi,5.59,185.4,124.0,1996.0,2.0,,,34.0,45.14,No,Excellent
Action,7.47,188.14,114.0,,1.0,2.6,,7.0,11.7,Yes,Excellent
Sci-Fi,8.21,89.58,161.0,,4.0,2.43,Yes,27.0,27.4,No,Poor
Action,5.44,,121.0,2001.0,3.0,6.92,Yes,2.0,35.37,Yes,Poor
Drama,2.04,239.99,84.0,1992.0,1.0,8.83,Yes,1.0,13.59,No,Average
Romance,4.94,92.61,106.0,1991.0,3.0,9.03,No,13.0,,No,Excellent
,8.58,141.54,149.0,1986.0,4.0,6.79,Yes,28.0,33.28,No,Poor
Drama,6.37,6.87,141.0,1980.0,1.0,5.73,Yes,,2.36,,Excellent
Horror,7.52,220.33,111.0,2012.0,2.0,3.98,Yes,2.0,6.79,Yes,Good
Sci-Fi,,125.89,87.0,1993.0,4.0,9.82,Yes,0.0,9.54,No,Average
Action,9.68,158.08,164.0,2022.0,3.0,,No,14.0,12.25,No,Excellent
Comedy,4.64,35.29,97.0,,1.0,7.7,Yes,19.0,,No,Excellent
Comedy,6.88,297.52,157.0,1996.0,3.0,5.79,No,21.0,,No,Excellent
Horror,1.17,91.44,94.0,1983.0,3.0,6.48,,33.0,17.53,No,Excellent
Romance,2.15,190.86,105.0,2018.0,2.0,4.54,Yes,49.0,45.57,No,Poor
Romance,8.04,174.79,132.0,1980.0,2.0,,Yes,32.0,27.83,No,Poor
Horror,9.71,235.74,123.0,2020.0,4.0,6.15,,,13.27,No,Average
Drama,3.88,88.86,111.0,2024.0,2.0,,Yes,2.0,47.85,Yes,Good
Comedy,1.33,227.02,107.0,2003.0,2.0,1.07,Yes,1.0,12.22,Yes,Good
Drama,4.25,115.37,118.0,2013.0,4.0,6.15,No,3.0,45.25,Yes,Average
Sci-Fi,1.16,123.94,111.0,2013.0,4.0,7.45,No,15.0,36.29,No,Good
Comedy,2.73,202.14,156.0,2003.0,4.0,7.71,No,32.0,37.03,Yes,Poor
Sci-Fi,,235.5,158.0,1994.0,4.0,9.14,No,8.0,38.25,Yes,Excellent
,9.43,200.39,97.0,1996.0,3.0,1.04,No,39.0,25.33,,Good
Drama,1.79,270.06,149.0,1992.0,3.0,1.0,Yes,,40.73,,Excellent
Horror,6.02,86.26,90.0,1986.0,4.0,5.25,Yes,,41.81,Yes,Excellent
Comedy,3.28,270.28,111.0,1988.0,4.0,1.26,No,15.0,18.02,Yes,Poor
Drama,2.25,40.13,99.0,2023.0,1.0,9.77,Yes,7.0,20.02,Yes,Excellent
,2.97,198.2,176.0,2014.0,,3.0,Yes,22.0,44.44,Yes,Good
Action,,164.74,119.0,2002.0,1.0,5.25,No,35.0,26.24,Yes,Poor
Comedy,1.59,148.9,87.0,2018.0,2.0,1.55,No,2.0,43.35,Yes,Average
Sci-Fi,4.91,93.96,114.0,2002.0,3.0,5.7,No,14.0,31.34,Yes,Poor
Action,2.22,,148.0,2005.0,3.0,4.42,Yes,37.0,29.68,,Good
Romance,3.45,49.37,178.0,1980.0,1.0,1.4,No,32.0,1.55,Yes,Poor
Horror,2.72,111.43,157.0,1993.0,1.0,4.02,No,17.0,13.89,Yes,Good
,8.95,30.51,100.0,2011.0,3.0,4.52,Yes,22.0,25.1,,Good
,7.37,171.98,103.0,1989.0,,9.91,,42.0,29.37,No,Poor
Action,8.82,29.63,96.0,1980.0,1.0,2.87,No,2.0,31.52,No,Good
Comedy,,48.94,97.0,1984.0,4.0,5.9,Yes,29.0,35.81,No,Average
Horror,3.82,26.55,177.0,1982.0,1.0,,No,44.0,32.81,No,Good
Action,4.43,115.01,91.0,2006.0,,8.13,Yes,16.0,42.43,Yes,Average
Sci-Fi,1.17,252.75,95.0,2001.0,,9.94,No,49.0,14.77,Yes,Average
Action,7.52,272.16,83.0,,1.0,9.71,Yes,31.0,32.08,Yes,Good
Action,4.15,,168.0,1995.0,1.0,5.41,Yes,45.0,2.56,No,Excellent
Sci-Fi,3.82,190.73,113.0,,,7.27,Yes,6.0,24.01,Yes,Average
Romance,6.38,205.63,171.0,1992.0,4.0,1.99,No,38.0,13.4,Yes,Average
Horror,4.93,160.6,125.0,2024.0,,4.97,No,,19.04,No,Poor
Romance,9.83,200.43,,1995.0,,8.28,No,14.0,17.73,,Average
Romance,4.21,70.87,156.0,1987.0,4.0,5.55,Yes,43.0,3.02,Yes,Average
Romance,6.53,147.4,110.0,2022.0,2.0,7.32,,11.0,23.33,No,Average
Drama,3.8,117.87,104.0,1987.0,2.0,7.71,Yes,7.0,49.73,Yes,Average
Romance,9.92,27.82,153.0,1989.0,1.0,3.28,No,15.0,14.95,No,Excellent
Drama,5.01,188.04,103.0,2012.0,4.0,8.88,Yes,40.0,36.81,Yes,Average
Sci-Fi,6.71,149.07,144.0,2010.0,1.0,5.14,No,33.0,,Yes,Good
Horror,2.14,83.28,,1991.0,1.0,2.89,No,45.0,16.26,Yes,Excellent
Romance,7.6,142.63,,1988.0,2.0,8.79,No,23.0,,No,Average
Comedy,3.42,232.81,115.0,2016.0,1.0,4.76,No,28.0,10.79,No,Good
Sci-Fi,5.04,240.7,161.0,,3.0,7.75,No,15.0,39.09,No,Good
Drama,8.95,195.21,85.0,1997.0,2.0,5.93,Yes,4.0,13.95,No,Excellent
Horror,9.73,140.86,145.0,2009.0,3.0,4.44,Yes,4.0,7.22,Yes,Excellent
Action,4.82,173.15,146.0,2011.0,2.0,8.29,Yes,,16.56,Yes,Good
Horror,8.51,116.12,151.0,2019.0,1.0,6.26,,49.0,29.2,Yes,Excellent
Horror,1.48,38.84,174.0,2002.0,,,Yes,49.0,35.17,Yes,Excellent
Romance,8.63,116.3,,1990.0,,1.99,Yes,4.0,19.37,No,Poor
Romance,,159.57,162.0,1999.0,2.0,9.06,No,42.0,24.91,No,Excellent
Drama,5.4,180.05,149.0,1998.0,3.0,1.32,Yes,12.0,22.75,No,Poor
Drama,9.01,280.8,157.0,2015.0,4.0,8.77,No,34.0,0.45,No,Excellent
Romance,8.61,233.42,146.0,2005.0,1.0,4.24,No,,19.78,Yes,Excellent
Romance,3.67,46.45,127.0,1989.0,3.0,6.75,No,24.0,29.37,No,Good
Comedy,8.12,,144.0,2003.0,4.0,9.3,No,49.0,28.5,No,Poor
Comedy,1.9,31.05,123.0,1992.0,1.0,2.37,No,13.0,37.49,,Excellent
Sci-Fi,8.4,221.72,173.0,2013.0,4.0,,Yes,43.0,33.52,Yes,Average
Romance,7.08,212.13,142.0,2008.0,3.0,7.88,Yes,45.0,13.84,Yes,Excellent
Action,1.79,,125.0,2015.0,1.0,7.82,Yes,25.0,12.78,Yes,Good
Comedy,7.15,157.09,98.0,1986.0,4.0,5.73,No,17.0,,No,Good
Drama,6.22,248.1,143.0,2009.0,3.0,6.62,Yes,,36.65,,Good
Horror,,173.36,162.0,1996.0,,7.82,Yes,33.0,4.69,Yes,Poor
Sci-Fi,3.62,262.35,,1992.0,1.0,8.57,No,6.0,47.42,Yes,Poor
Comedy,3.4,216.59,150.0,2003.0,1.0,7.86,No,,,Yes,Poor
Horror,7.86,193.22,129.0,2010.0,1.0,4.19,Yes,9.0,15.32,Yes,Average
,3.31,169.97,142.0,2006.0,3.0,,No,14.0,34.67,Yes,Poor
,,217.17,120.0,2000.0,4.0,4.91,No,16.0,2.24,No,Good
Action,7.25,126.48,86.0,2023.0,4.0,1.22,No,10.0,24.22,No,Poor
Action,1.72,29.88,88.0,1980.0,,4.26,Yes,33.0,24.3,Yes,Poor
Sci-Fi,,12.96,83.0,1994.0,1.0,,No,26.0,8.1,No,Excellent
Action,6.3,144.23,168.0,,2.0,2.09,No,,41.87,Yes,Poor
Sci-Fi,7.16,180.19,128.0,1985.0,1.0,3.53,No,30.0,39.84,No,Excellent
Drama,4.33,24.58,155.0,1993.0,2.0,1.48,No,49.0,7.64,Yes,Poor
Comedy,5.04,,85.0,2017.0,,7.2,No,,18.19,No,Excellent
,3.97,97.29,161.0,2012.0,3.0,1.67,Yes,40.0,5.02,Yes,Good
Sci-Fi,8.27,169.28,100.0,2017.0,2.0,2.83,Yes,,42.43,Yes,Poor
Action,2.18,84.27,94.0,1987.0,3.0,1.84,No,16.0,16.17,No,Good
Sci-Fi,,29.6,146.0,2005.0,2.0,1.57,No,48.0,21.97,Yes,Poor
Romance,6.71,50.29,145.0,1994.0,4.0,3.41,Yes,47.0,16.19,No,Average
Sci-Fi,,,,1993.0,2.0,6.15,Yes,19.0,15.5,,Average
Action,4.84,252.97,147.0,1999.0,2.0,9.68,,24.0,37.37,,Good
Romance,3.99,86.01,111.0,1998.0,2.0,8.88,No,,37.38,,Good
,9.11,214.69,145.0,2012.0,4.0,8.88,Yes,22.0,25.89,Yes,Average
Action,1.89,,108.0,,3.0,2.58,,14.0,32.88,No,Average
Romance,2.05,293.13,145.0,2003.0,4.0,3.38,No,32.0,,No,Excellent
,3.69,82.57,113.0,1989.0,2.0,,Yes,18.0,1.43,,Poor
Horror,9.64,,106.0,2013.0,1.0,8.01,Yes,14.0,3.3,No,Average
Comedy,6.7,16.56,139.0,2015.0,4.0,1.63,Yes,40.0,19.19,No,Good
Comedy,5.99,,118.0,2015.0,1.0,6.01,,4.0,37.49,,Good
Action,7.35,205.54,,1995.0,4.0,3.23,,15.0,45.66,Yes,Average
Action,4.76,26.49,161.0,1994.0,4.0,3.19,No,44.0,1.49,No,Good
Horror,7.82,74.17,,1997.0,2.0,9.92,No,47.0,18.4,Yes,Poor
Sci-Fi,4.54,256.74,98.0,1986.0,3.0,7.81,No,31.0,11.19,No,Excellent
Comedy,8.44,175.3,170.0,2001.0,3.0,8.53,,21.0,40.76,Yes,Poor
Romance,3.41,21.79,124.0,,2.0,6.15,Yes,42.0,42.3,No,Excellent
Horror,3.5,15.26,163.0,2022.0,4.0,8.84,No,31.0,10.32,Yes,Excellent
Comedy,,19.28,,1998.0,3.0,6.81,No,12.0,35.54,Yes,Average
Sci-Fi,4.88,282.62,,2019.0,3.0,9.52,No,37.0,36.59,No,Good
,6.83,255.11,173.0,1980.0,3.0,,Yes,25.0,8.85,Yes,Excellent
Comedy,,253.64,168.0,,2.0,,Yes,,21.68,No,Average
Drama,3.07,277.34,174.0,1984.0,1.0,7.21,,4.0,31.02,Yes,Good
Horror,5.23,152.07,106.0,1991.0,1.0,4.54,,48.0,1.3,No,Good
Action,6.05,74.96,177.0,1991.0,1.0,8.92,No,32.0,20.23,Yes,Excellent
Comedy,2.28,121.0,151.0,2000.0,1.0,9.82,No,26.0,7.75,No,Good
Romance,,215.94,98.0,1998.0,,5.44,,4.0,27.09,Yes,Poor
Romance,3.87,,120.0,1988.0,3.0,,No,36.0,42.15,Yes,Good
Horror,4.53,131.09,105.0,2022.0,3.0,5.25,,6.0,26.24,No,Poor
Horror,3.51,161.08,,2015.0,,8.67,No,,1.8,No,Good
Romance,9.38,279.6,143.0,,3.0,6.81,No,17.0,1.48,No,Excellent
,7.15,,147.0,,2.0,1.4,Yes,30.0,30.28,No,Excellent
Romance,3.36,258.83,174.0,2014.0,4.0,5.88,Yes,5.0,16.4,Yes,Average
Comedy,6.81,48.63,159.0,2010.0,3.0,1.16,No,,28.63,Yes,Poor
Romance,8.64,145.67,130.0,2011.0,4.0,8.01,Yes,,8.18,Yes,Poor
Action,4.61,66.31,153.0,2016.0,,3.95,,41.0,,Yes,Excellent
Romance,8.47,181.28,127.0,2011.0,1.0,5.25,,,,Yes,Excellent
Action,,168.01,89.0,2022.0,4.0,8.19,Yes,25.0,44.46,,Excellent
Comedy,8.41,114.62,152.0,,3.0,1.42,Yes,20.0,15.2,No,Poor
Horror,,259.13,118.0,2018.0,1.0,2.43,No,1.0,33.04,No,Average
Action,,198.28,179.0,2017.0,3.0,4.58,No,39.0,13.95,No,Poor
Comedy,4.66,216.64,179.0,2009.0,1.0,3.07,No,19.0,38.14,No,Excellent
,9.89,46.05,98.0,2011.0,,4.04,No,16.0,6.03,Yes,Average
Comedy,8.05,265.07,143.0,2024.0,1.0,9.98,Yes,15.0,38.14,Yes,Good
Romance,6.18,50.95,98.0,1981.0,1.0,8.43,No,41.0,21.99,No,Good
Comedy,2.04,67.61,155.0,1990.0,2.0,8.96,Yes,,42.78,No,Excellent
Horror,4.76,39.29,141.0,1999.0,3.0,9.43,No,13.0,36.95,No,Average
Action,3.37,132.67,92.0,2016.0,4.0,4.07,No,23.0,,Yes,Excellent
Horror,1.64,266.43,104.0,1988.0,,3.67,Yes,3.0,45.18,No,Poor
Drama,,76.48,,2017.0,,3.11,No,47.0,14.17,No,Poor
,9.0,112.75,168.0,1998.0,,8.47,No,23.0,48.35,No,Average
Action,,253.97,171.0,2019.0,2.0,7.12,,46.0,38.36,Yes,Excellent
Horror,3.25,185.73,121.0,1986.0,2.0,3.13,No,,49.53,,Excellent
Action,6.16,225.73,118.0,1984.0,2.0,4.39,No,2.0,2.7,Yes,Good
Drama,9.49,64.99,109.0,2021.0,,5.56,No,8.0,13.7,No,Average
Sci-Fi,7.51,215.23,84.0,2003.0,4.0,5.75,No,17.0,37.06,No,Excellent
Romance,7.21,69.06,160.0,2020.0,,9.0,Yes,35.0,46.11,Yes,Poor
,9.71,296.21,97.0,,1.0,4.43,No,18.0,,Yes,Excellent
Comedy,8.19,168.41,100.0,1990.0,3.0,9.18,No,23.0,0.0,No,Excellent
,2.23,209.0,165.0,1988.0,2.0,,No,3.0,12.81,No,Poor
Romance,4.13,36.4,129.0,2009.0,2.0,7.72,,,42.64,Yes,Poor
Horror,9.69,75.95,85.0,2020.0,4.0,,No,32.0,38.36,Yes,Excellent
,5.41,42.78,129.0,1982.0,4.0,9.17,No,0.0,17.01,No,Poor
Romance,2.0,117.66,159.0,,2.0,1.51,Yes,,0.1,Yes,Good
Drama,5.13,85.96,145.0,,3.0,2.85,No,9.0,27.74,Yes,Good
Drama,7.27,220.14,80.0,1999.0,1.0,5.29,No,11.0,11.9,No,Good
Action,9.98,33.5,136.0,2011.0,1.0,4.88,Yes,17.0,37.28,,Poor
Action,3.92,225.87,109.0,1986.0,1.0,6.77,Yes,13.0,22.32,No,Poor
Romance,5.63,14.67,137.0,1986.0,1.0,9.5,No,,33.93,,Poor
,8.92,61.4,131.0,1999.0,3.0,2.01,No,9.0,42.62,No,Average
Comedy,4.2,237.8,116.0,2004.0,3.0,5.07,No,17.0,26.79,No,Poor
Action,1.98,,127.0,2024.0,3.0,2.73,Yes,23.0,16.8,Yes,Good
Horror,9.54,143.42,166.0,2014.0,4.0,9.05,Yes,0.0,38.48,No,Good
Romance,5.4,15.94,,,,9.68,No,29.0,13.26,Yes,Good
Horror,5.53,183.36,,2003.0,3.0,5.31,No,14.0,44.58,Yes,Average
Romance,6.59,122.61,125.0,2019.0,1.0,1.94,Yes,7.0,3.57,No,Excellent
Horror,,95.64,146.0,1992.0,3.0,8.07,Yes,34.0,41.77,,Good
Sci-Fi,9.38,192.48,81.0,2018.0,2.0,7.27,Yes,17.0,4.58,Yes,Average
Horror,4.25,131.55,135.0,1983.0,,4.19,,40.0,2.81,No,Excellent
Action,4.57,28.63,96.0,1991.0,1.0,8.99,No,,18.16,Yes,Average
Romance,2.57,274.87,171.0,1996.0,4.0,9.78,Yes,20.0,47.83,Yes,Average
Action,4.4,,161.0,1980.0,3.0,6.02,Yes,14.0,49.17,No,Excellent
Horror,,17.86,176.0,1996.0,1.0,6.09,No,4.0,10.1,No,Poor
Drama,8.2,157.99,158.0,1981.0,1.0,3.68,Yes,44.0,7.43,,Poor
Drama,9.42,25.93,101.0,1985.0,,6.26,,6.0,17.65,Yes,Good
Drama,4.63,251.35,106.0,2023.0,3.0,4.96,Yes,47.0,16.85,No,Excellent
Romance,7.38,184.29,134.0,1990.0,2.0,3.72,No,6.0,,Yes,Good
Comedy,5.57,52.56,111.0,2022.0,,1.6,Yes,26.0,22.2,Yes,Average
Sci-Fi,8.24,7.2,139.0,,3.0,3.27,No,24.0,38.99,Yes,Poor
Horror,7.41,10.44,162.0,2019.0,,2.78,No,21.0,37.44,,Good
Comedy,4.31,152.7,107.0,2004.0,1.0,5.88,Yes,47.0,28.92,Yes,Good
Drama,4.03,220.58,107.0,2018.0,2.0,6.42,No,12.0,41.68,Yes,Poor
Horror,,37.13,153.0,2007.0,1.0,6.48,,16.0,9.78,No,Average
,6.19,67.16,163.0,1995.0,3.0,4.49,Yes,40.0,8.09,Yes,Good
,9.67,98.85,104.0,1991.0,2.0,4.79,No,43.0,37.53,Yes,Good
Drama,2.8,66.2,,2020.0,3.0,8.51,No,12.0,12.24,No,Excellent
Comedy,1.86,118.01,157.0,,1.0,5.29,Yes,25.0,0.14,No,Excellent
,2.07,168.32,165.0,2002.0,1.0,9.89,Yes,8.0,45.6,No,Poor
Action,8.05,205.8,105.0,2000.0,3.0,4.96,No,4.0,31.15,No,Poor
Drama,4.15,289.17,154.0,1995.0,2.0,6.85,No,38.0,22.25,No,Average
Sci-Fi,3.02,279.32,150.0,2020.0,1.0,1.45,No,,36.29,Yes,Average
Drama,4.18,171.47,96.0,2024.0,3.0,,No,3.0,16.67,Yes,Good
,6.81,220.51,,2005.0,4.0,8.66,,27.0,47.68,No,Excellent
Sci-Fi,5.92,285.31,86.0,,3.0,9.48,Yes,,3.43,Yes,Average
,7.69,25.96,135.0,,3.0,9.98,No,3.0,32.05,No,Good
Sci-Fi,4.05,2.68,143.0,1989.0,2.0,3.54,Yes,15.0,38.86,Yes,Good
Horror,5.07,9.91,99.0,1986.0,3.0,6.18,Yes,36.0,23.46,Yes,Poor
Horror,1.92,,117.0,1988.0,4.0,5.06,Yes,21.0,37.75,Yes,Excellent
Sci-Fi,1.66,229.09,,2004.0,3.0,6.07,Yes,35.0,46.35,No,Good
Action,5.16,,137.0,,4.0,2.42,No,37.0,37.2,No,Poor
Sci-Fi,3.71,164.03,95.0,1992.0,1.0,8.71,No,34.0,15.47,No,Good
Comedy,6.52,155.39,130.0,2021.0,3.0,9.19,No,,28.09,Yes,Excellent
Sci-Fi,1.39,29.34,106.0,,2.0,5.05,,7.0,45.58,No,Good
Horror,2.1,,,2000.0,3.0,3.52,Yes,16.0,22.45,Yes,Good
Horror,8.79,6.81,154.0,2002.0,4.0,2.27,No,17.0,34.08,Yes,Average
Comedy,6.1,34.1,95.0,2023.0,4.0,,Yes,49.0,23.28,No,Average
Comedy,7.41,243.75,166.0,2007.0,2.0,3.81,No,11.0,,,Poor
Drama,8.58,248.99,139.0,2017.0,4.0,,Yes,,2.93,Yes,Good
Action,5.17,240.78,155.0,1991.0,3.0,7.04,Yes,22.0,47.61,,Poor
Action,,218.32,119.0,2003.0,4.0,6.81,Yes,11.0,30.63,No,Excellent
Action,5.72,,146.0,1992.0,3.0,6.03,,10.0,5.19,No,Poor
Romance,,201.62,81.0,2019.0,3.0,1.41,Yes,12.0,42.87,No,Good
Horror,4.04,201.28,127.0,1981.0,,9.39,Yes,34.0,26.13,Yes,Average
Action,5.41,200.54,131.0,2018.0,2.0,6.65,Yes,26.0,38.6,Yes,Average
Drama,3.85,154.7,103.0,1991.0,1.0,9.95,No,24.0,6.34,No,Poor
,4.02,109.64,172.0,2018.0,,5.84,No,39.0,45.35,Yes,Average
Action,,219.33,177.0,,1.0,,,2.0,29.53,No,Good
Comedy,,,163.0,2009.0,2.0,1.51,Yes,48.0,36.91,No,Good
Drama,1.76,163.33,161.0,2020.0,3.0,6.69,No,24.0,1.57,No,Excellent
Comedy,1.42,130.57,157.0,2022.0,3.0,7.88,Yes,44.0,15.77,No,Average
Horror,2.0,83.71,161.0,1998.0,4.0,8.01,No,9.0,13.37,Yes,Average
Romance,4.09,292.43,81.0,2010.0,,,No,16.0,47.48,,Excellent
Drama,6.34,78.37,144.0,2022.0,1.0,3.04,No,2.0,9.27,Yes,Poor
Comedy,2.69,93.48,99.0,2022.0,4.0,9.78,No,44.0,35.35,No,Excellent
Action,8.99,49.31,113.0,2004.0,2.0,9.96,No,21.0,2.14,Yes,Average
Horror,8.28,247.07,120.0,1983.0,4.0,,Yes,37.0,9.88,No,Poor
Sci-Fi,5.68,176.39,120.0,1992.0,2.0,9.43,Yes,13.0,16.93,No,Good
Sci-Fi,7.52,184.3,154.0,2015.0,4.0,3.61,,26.0,,No,Good
Action,4.3,246.35,170.0,2021.0,1.0,7.2,Yes,41.0,39.5,Yes,Excellent
Horror,1.33,103.53,102.0,2016.0,1.0,,No,19.0,47.63,No,Good
Horror,9.14,58.9,117.0,1982.0,2.0,9.71,Yes,47.0,45.84,,Average
Horror,2.15,,123.0,1995.0,1.0,1.91,Yes,17.0,4.08,Yes,Excellent
Horror,9.53,220.05,146.0,,,5.48,Yes,12.0,41.49,Yes,Average
Sci-Fi,6.15,184.62,,2019.0,1.0,4.85,Yes,41.0,22.56,Yes,Average
Comedy,3.75,62.7,91.0,2018.0,1.0,,Yes,5.0,43.29,,Poor
Horror,,44.37,,1998.0,3.0,6.81,Yes,9.0,,Yes,Poor
Comedy,,37.09,174.0,,4.0,2.18,Yes,36.0,41.14,Yes,Poor
Horror,1.21,188.71,,2011.0,4.0,7.45,Yes,28.0,7.98,Yes,Good
Drama,,1.04,144.0,,3.0,9.83,No,5.0,,No,Poor
Romance,7.66,6.48,120.0,1980.0,1.0,8.24,No,,1.44,,Average
Drama,5.59,117.48,99.0,1985.0,4.0,8.74,,10.0,6.19,Yes,Excellent
,3.2,207.71,85.0,2006.0,4.0,4.24,Yes,47.0,22.29,Yes,Excellent
Drama,4.02,208.82,154.0,2002.0,4.0,3.92,Yes,24.0,40.92,Yes,Average
Horror,8.77,129.61,178.0,2010.0,2.0,5.65,,43.0,,Yes,Good
Comedy,5.73,,,1991.0,3.0,1.41,,43.0,11.76,Yes,Excellent
Romance,5.76,156.81,172.0,2000.0,2.0,9.51,Yes,,7.58,No,Average
Sci-Fi,9.65,293.1,89.0,1981.0,2.0,2.29,No,19.0,19.46,Yes,Average
Action,3.89,,130.0,1984.0,3.0,9.13,No,36.0,44.16,Yes,Average
Romance,5.32,180.6,172.0,,4.0,,No,15.0,4.57,,Excellent
Romance,8.31,147.88,117.0,1999.0,2.0,8.4,Yes,30.0,27.15,No,Excellent
Sci-Fi,7.83,59.15,80.0,1997.0,4.0,2.37,,28.0,4.44,No,Poor
Horror,3.39,225.25,87.0,2001.0,2.0,1.34,Yes,5.0,23.51,Yes,Poor
Drama,2.36,83.38,160.0,,4.0,,No,28.0,6.34,,Average
Drama,7.31,115.13,162.0,2013.0,1.0,3.52,Yes,31.0,4.02,,Average
,3.32,113.07,142.0,1988.0,1.0,,Yes,8.0,9.54,No,Average
Horror,9.3,74.02,112.0,1986.0,1.0,6.0,Yes,36.0,12.76,No,Average
Sci-Fi,2.16,129.78,94.0,2009.0,3.0,1.98,,22.0,13.81,No,Excellent
Horror,3.86,142.53,110.0,1997.0,1.0,9.39,,15.0,32.26,No,Poor
Horror,1.49,223.52,100.0,,2.0,,Yes,17.0,2.75,No,Good
Drama,7.33,229.76,82.0,1995.0,4.0,7.61,Yes,18.0,4.04,,Average
Sci-Fi,9.02,48.41,,2000.0,4.0,5.51,No,43.0,9.44,Yes,Poor
Action,6.72,178.24,114.0,1984.0,,6.44,Yes,1.0,43.6,Yes,Average
,9.44,268.96,120.0,2008.0,4.0,,Yes,9.0,31.43,No,Excellent
Drama,2.16,33.53,138.0,2016.0,2.0,2.8,Yes,11.0,,No,Good
Sci-Fi,1.79,142.4,95.0,2022.0,4.0,,Yes,45.0,18.52,Yes,Poor
Comedy,8.55,225.36,135.0,2001.0,2.0,4.96,No,,10.66,Yes,Poor
Romance,8.7,183.84,124.0,1993.0,2.0,4.51,Yes,18.0,1.9,No,Good
Romance,8.48,31.08,138.0,1998.0,4.0,7.05,,37.0,24.43,Yes,Excellent
Drama,8.19,119.59,129.0,2014.0,4.0,7.21,No,36.0,28.71,No,Good
Comedy,4.26,152.66,164.0,2003.0,4.0,1.41,Yes,,,,Poor
Drama,2.96,298.76,91.0,2021.0,2.0,4.05,No,,,No,Good
Horror,9.36,,171.0,1985.0,3.0,4.71,No,13.0,21.23,Yes,Excellent
Sci-Fi,3.76,294.74,91.0,1982.0,,1.87,No,44.0,21.18,No,Excellent
,4.59,113.47,112.0,,3.0,3.12,Yes,33.0,8.06,Yes,Average
Romance,7.3,60.9,163.0,2024.0,4.0,1.46,No,1.0,12.87,Yes,Good
Drama,3.64,124.82,,1981.0,2.0,9.97,No,43.0,,,Good
Romance,8.37,184.58,100.0,1994.0,4.0,7.63,Yes,32.0,7.05,No,Poor
Comedy,1.63,64.84,139.0,2016.0,3.0,1.79,Yes,18.0,48.43,Yes,Excellent
Romance,8.12,88.14,131.0,1994.0,3.0,1.18,No,26.0,25.24,Yes,Good
Drama,6.42,256.51,133.0,,2.0,7.47,No,47.0,22.83,No,Poor
Drama,6.16,299.7,118.0,2000.0,2.0,4.95,,29.0,,Yes,Average
Action,5.13,96.13,128.0,1996.0,2.0,8.08,Yes,6.0,33.08,Yes,Good
Romance,3.49,,143.0,2013.0,2.0,9.31,No,26.0,22.99,Yes,Good
Action,5.18,238.16,179.0,2011.0,1.0,6.39,Yes,20.0,18.53,,Poor
Action,5.05,180.54,165.0,,1.0,2.68,No,6.0,13.23,Yes,Poor
Romance,6.25,31.02,105.0,2014.0,4.0,8.04,No,47.0,3.32,No,Excellent
Comedy,3.53,284.08,150.0,,,9.6,Yes,24.0,25.97,Yes,Excellent
Horror,,24.34,86.0,2022.0,3.0,6.22,No,,15.65,Yes,Excellent
Drama,2.31,187.98,151.0,2020.0,4.0,7.14,Yes,17.0,35.39,No,Good
Sci-Fi,7.29,127.76,141.0,2016.0,4.0,4.04,No,32.0,36.18,,Poor
,1.2,167.43,169.0,2012.0,4.0,4.43,,32.0,16.61,No,Excellent
Comedy,8.71,64.75,167.0,2004.0,1.0,7.61,,31.0,33.46,No,Good
Romance,7.25,206.75,103.0,2016.0,4.0,9.35,No,24.0,,,Excellent
Comedy,7.91,287.96,119.0,2019.0,3.0,6.66,Yes,13.0,36.36,,Average
Comedy,8.52,138.07,155.0,2000.0,4.0,8.11,No,,0.8,Yes,Good
,2.1,157.36,126.0,2017.0,2.0,,Yes,,7.58,Yes,Excellent
Sci-Fi,8.4,,87.0,2019.0,3.0,2.91,Yes,3.0,12.25,No,Excellent
Romance,5.54,267.67,133.0,2013.0,3.0,5.79,Yes,43.0,,No,Average
Sci-Fi,8.97,291.38,88.0,,3.0,2.59,No,17.0,3.32,No,Average
Romance,8.98,236.1,,2006.0,1.0,6.71,Yes,9.0,9.4,Yes,Excellent
Action,1.22,163.29,133.0,1988.0,1.0,3.62,,34.0,17.93,Yes,Excellent
Sci-Fi,4.45,,100.0,1984.0,3.0,8.12,,,0.46,Yes,Poor
,,47.0,174.0,1984.0,2.0,8.27,No,,,Yes,Excellent
Sci-Fi,7.11,144.07,127.0,2004.0,3.0,5.17,No,22.0,28.01,Yes,Excellent
Sci-Fi,3.58,161.74,126.0,2005.0,1.0,2.63,Yes,24.0,45.03,Yes,Poor
Romance,3.27,148.08,167.0,1998.0,2.0,6.82,Yes,0.0,1.55,No,Poor
Sci-Fi,4.43,240.92,,2009.0,3.0,9.94,No,17.0,,,Excellent
Action,5.51,201.45,163.0,2015.0,1.0,6.6,,,36.56,Yes,Poor
Romance,9.56,38.87,142.0,1995.0,2.0,1.32,Yes,24.0,33.76,,Good
Drama,7.86,104.59,95.0,1986.0,4.0,1.16,Yes,31.0,12.15,Yes,Average
Action,4.86,,153.0,1997.0,4.0,3.88,Yes,,29.78,Yes,Good
Drama,1.49,170.12,169.0,2000.0,3.0,2.76,Yes,16.0,39.69,No,Average
Comedy,2.52,88.15,,2010.0,,8.32,,10.0,1.67,Yes,Average
,5.1,36.06,84.0,1980.0,1.0,8.6,No,12.0,35.88,Yes,Excellent
Comedy,8.32,196.45,90.0,1982.0,2.0,3.33,Yes,24.0,12.6,No,Average
Romance,4.43,255.46,108.0,2010.0,3.0,3.93,Yes,19.0,47.39,No,Good
Romance,5.85,279.55,158.0,2004.0,2.0,3.13,No,24.0,26.91,,Excellent
,9.03,291.8,149.0,1987.0,2.0,9.18,No,41.0,1.67,Yes,Poor
Drama,9.22,234.55,127.0,1980.0,2.0,5.52,No,44.0,20.17,Yes,Good
Romance,2.94,42.77,,1986.0,1.0,6.91,No,48.0,48.32,Yes,Excellent
Drama,1.39,256.08,163.0,1986.0,3.0,4.74,Yes,30.0,36.52,Yes,Average
Romance,3.75,120.59,113.0,1987.0,4.0,6.68,No,0.0,15.02,,Good
Drama,,219.24,,1998.0,2.0,4.47,Yes,15.0,28.76,No,Average
Comedy,9.56,159.85,141.0,1996.0,2.0,,No,47.0,29.96,,Excellent
Action,1.69,248.75,81.0,1990.0,2.0,6.71,No,27.0,1.17,Yes,Excellent
,1.26,128.23,159.0,2020.0,1.0,6.32,No,20.0,8.94,,Poor
Horror,8.96,19.48,,1990.0,4.0,3.64,Yes,29.0,27.59,No,Poor
Drama,7.73,,177.0,,2.0,2.34,No,,20.14,Yes,Good
Drama,9.93,52.22,,2020.0,1.0,4.32,No,33.0,9.5,Yes,Poor
Horror,4.57,289.69,157.0,1981.0,1.0,,No,5.0,38.63,Yes,Average
Action,4.74,158.56,167.0,1983.0,2.0,,Yes,42.0,,,Average
Drama,2.55,166.51,,2007.0,2.0,9.23,Yes,28.0,15.5,Yes,Poor
Action,2.04,272.27,,2012.0,,1.33,No,2.0,8.08,Yes,Poor
Drama,6.21,187.75,175.0,1990.0,1.0,3.19,Yes,32.0,30.56,No,Poor
Sci-Fi,4.28,91.52,116.0,1982.0,2.0,2.74,No,10.0,33.31,No,Good
Drama,1.72,89.53,153.0,2019.0,1.0,5.52,Yes,44.0,,No,Good
,8.98,150.97,128.0,1984.0,1.0,4.87,No,,11.01,No,Average
Romance,2.79,260.12,127.0,2000.0,2.0,7.56,Yes,49.0,29.77,Yes,Good
Action,7.74,238.62,152.0,2001.0,2.0,3.18,No,,45.27,No,Good
Drama,3.54,288.86,167.0,2016.0,3.0,6.35,Yes,46.0,17.66,,Excellent
Comedy,,22.49,179.0,1990.0,4.0,8.95,Yes,17.0,10.54,,Average
Comedy,2.07,81.23,108.0,2023.0,2.0,9.2,No,46.0,38.61,No,Average
Horror,7.8,24.98,139.0,2001.0,2.0,9.63,No,19.0,8.84,Yes,Poor
Comedy,1.88,,108.0,2020.0,2.0,7.96,Yes,38.0,12.69,Yes,Excellent
